Workbook

Sheet 2022년 누적시트
A1: 번호 | B1: 소속기관 | C1: 소속부서(복사) | D1: 소속부 | E1: 소속부서 | F1: 담당자 | G1: 보도관련 | H1: 제 목 | I1: 보도매체 | J1: 게재일 | K1: 면 | L1: 구분 1 | M1: 구분 2(점수) | N1: 스크랩일
A2: 1 | B2: 8_국립축산과학원 | C2: =E2 -> 2_낙농과 | D2: =IFERROR(VLOOKUP(C2,소속부서!$A$2:$B$20,2,FALSE), "") -> 2_축산자원개발부 | E2: 2_낙농과 | F2: 박성민 | G2: 즉시52 | H2: 농진청·기업 개발 로봇착유기 대만 수출...세계시장 진출 발판 | I2: 연합뉴스 | J2: 45875 | L2: =IFERROR(VLOOKUP(I2,보도매체!$A:$C,2,FALSE), "") -> 07_중앙일간지 | M2: =IFERROR(VLOOKUP(I2,보도매체!$A:$C,3,FALSE), "") -> 5 | N2: 45876
A3: 2 | B3: 8_국립축산과학원 | C3: =E3 -> 2_낙농과 | D3: =IFERROR(VLOOKUP(C3,소속부서!$A$2:$B$20,2,FALSE), "") -> 2_축산자원개발부 | E3: 2_낙농과 | F3: 박성민 | G3: 즉시52 | H3: 농진청, ‘K-로봇착유기’ 7대 대만 수출...“국산 기술 경쟁력 입증” | I3: 아시아투데이 | J3: 45875 | L3: =IFERROR(VLOOKUP(I3,보도매체!$A:$C,2,FALSE), "") -> 07_중앙일간지 | M3: =IFERROR(VLOOKUP(I3,보도매체!$A:$C,3,FALSE), "") -> 5 | N3: 45876
A4: 3 | B4: 8_국립축산과학원 | C4: =E4 -> 2_낙농과 | D4: =IFERROR(VLOOKUP(C4,소속부서!$A$2:$B$20,2,FALSE), "") -> 2_축산자원개발부 | E4: 2_낙농과 | F4: 박성민 | G4: 즉시52 | H4: 농촌진흥청, 로봇 착유기 대만 수출...민간기업과 공동 개발 ‘데어리봇’ | I4: 부산일보 | J4: 45875 | L4: =IFERROR(VLOOKUP(I4,보도매체!$A:$C,2,FALSE), "") -> 09_지방일간지 | M4: =IFERROR(VLOOKUP(I4,보도매체!$A:$C,3,FALSE), "") -> 1.5 | N4: 45876
A5: 4 | B5: 8_국립축산과학원 | C5: =E5 -> 2_낙농과 | D5: =IFERROR(VLOOKUP(C5,소속부서!$A$2:$B$20,2,FALSE), "") -> 2_축산자원개발부 | E5: 2_낙농과 | F5: 박성민 | G5: 즉시52 | H5: 국산 로봇착유기 7대 대만 수출...낙농시장 교두보 확보 | I5: 뉴스1 | J5: 45875 | L5: =IFERROR(VLOOKUP(I5,보도매체!$A:$C,2,FALSE), "") -> 07_중앙일간지 | M5: =IFERROR(VLOOKUP(I5,보도매체!$A:$C,3,FALSE), "") -> 5 | N5: 45876
A6: 5 | B6: 8_국립축산과학원 | C6: =E6 -> 2_낙농과 | D6: =IFERROR(VLOOKUP(C6,소속부서!$A$2:$B$20,2,FALSE), "") -> 2_축산자원개발부 | E6: 2_낙농과 | F6: 박성민 | G6: 즉시52 | H6: 국산 로봇착유기 대만 수출 기념식 | I6: 뉴시스 | J6: 45875 | L6: =IFERROR(VLOOKUP(I6,보도매체!$A:$C,2,FALSE), "") -> 07_중앙일간지 | M6: =IFERROR(VLOOKUP(I6,보도매체!$A:$C,3,FALSE), "") -> 5 | N6: 45876
A7: 6 | B7: 8_국립축산과학원 | C7: =E7 -> 2_낙농과 | D7: =IFERROR(VLOOKUP(C7,소속부서!$A$2:$B$20,2,FALSE), "") -> 2_축산자원개발부 | E7: 2_낙농과 | F7: 박성민 | G7: 즉시52 | H7: 국산 로봇착유기 대만 수출 | I7: 뉴시스 | J7: 45875 | L7: =IFERROR(VLOOKUP(I7,보도매체!$A:$C,2,FALSE), "") -> 07_중앙일간지 | M7: =IFERROR(VLOOKUP(I7,보도매체!$A:$C,3,FALSE), "") -> 5 | N7: 45876
A8: 7 | B8: 8_국립축산과학원 | C8: =E8 -> 1_가축개량평가과 | D8: =IFERROR(VLOOKUP(C8,소속부서!$A$2:$B$20,2,FALSE), "") -> 2_축산자원개발부 | E8: 1_가축개량평가과 | F8: 박미나 | H8: 최고의 한우 보증씨수소 탄생···경북도, 우수 유전능력 뽐내 | I8: 경상투데이 | J8: 45875 | K8: 3 | L8: =IFERROR(VLOOKUP(I8,보도매체!$A:$C,2,FALSE), "") -> 09_지방일간지 | M8: =IFERROR(VLOOKUP(I8,보도매체!$A:$C,3,FALSE), "") -> 1.5 | N8: 45876
A9: 8 | B9: 8_국립축산과학원 | C9: =E9 -> 1_가축개량평가과 | D9: =IFERROR(VLOOKUP(C9,소속부서!$A$2:$B$20,2,FALSE), "") -> 2_축산자원개발부 | E9: 1_가축개량평가과 | F9: 박미나 | H9: 경북축산기술 자체 생산 씨수소 ‘전국 1위’ 우뚝 | I9: 경안일보 | J9: 45875 | K9: 1 | L9: =IFERROR(VLOOKUP(I9,보도매체!$A:$C,2,FALSE), "") -> 09_지방일간지 | M9: =IFERROR(VLOOKUP(I9,보도매체!$A:$C,3,FALSE), "") -> 1.5 | N9: 45876
A10: 9 | B10: 8_국립축산과학원 | C10: =E10 -> 1_가축개량평가과 | D10: =IFERROR(VLOOKUP(C10,소속부서!$A$2:$B$20,2,FALSE), "") -> 2_축산자원개발부 | E10: 1_가축개량평가과 | F10: 박미나 | H10: 경북축산기술 자체 개발 한우 KPN1707, 보증씨수소 1위 선발 | I10: 경북일보 | J10: 45875 | K10: 11 | L10: =IFERROR(VLOOKUP(I10,보도매체!$A:$C,2,FALSE), "") -> 09_지방일간지 | M10: =IFERROR(VLOOKUP(I10,보도매체!$A:$C,3,FALSE), "") -> 1.5 | N10: 45876
A11: 10 | B11: 8_국립축산과학원 | C11: =E11 -> 1_가축개량평가과 | D11: =IFERROR(VLOOKUP(C11,소속부서!$A$2:$B$20,2,FALSE), "") -> 2_축산자원개발부 | E11: 1_가축개량평가과 | F11: 박미나 | H11: 경북도, 2025년 상반기 한우 보증씨수소 선발 시상 | I11: 대구경북일보 | J11: 45875 | K11: 1 | L11: =IFERROR(VLOOKUP(I11,보도매체!$A:$C,2,FALSE), "") -> 11_기타(지역주간지) | M11: =IFERROR(VLOOKUP(I11,보도매체!$A:$C,3,FALSE), "") -> 0.5 | N11: 45876
A12: 11 | B12: 8_국립축산과학원 | C12: =E12 -> 1_가축개량평가과 | D12: =IFERROR(VLOOKUP(C12,소속부서!$A$2:$B$20,2,FALSE), "") -> 2_축산자원개발부 | E12: 1_가축개량평가과 | F12: 박미나 | H12: 경북도, 한우 보증씨수소 개발능력 입증 | I12: 대경일보 | J12: 45875 | K12: 2 | L12: =IFERROR(VLOOKUP(I12,보도매체!$A:$C,2,FALSE), "") -> 09_지방일간지 | M12: =IFERROR(VLOOKUP(I12,보도매체!$A:$C,3,FALSE), "") -> 1.5 | N12: 45876
A13: 12 | B13: 8_국립축산과학원 | C13: =E13 -> 1_가축개량평가과 | D13: =IFERROR(VLOOKUP(C13,소속부서!$A$2:$B$20,2,FALSE), "") -> 2_축산자원개발부 | E13: 1_가축개량평가과 | F13: 박미나 | H13: 경북도, 상반기 한우 보증씨수소 선발 시상식 | I13: 세명일보 | J13: 45875 | K13: 2 | L13: =IFERROR(VLOOKUP(I13,보도매체!$A:$C,2,FALSE), "") -> 11_기타(지역주간지) | M13: =IFERROR(VLOOKUP(I13,보도매체!$A:$C,3,FALSE), "") -> 0.5 | N13: 45876
A14: 13 | B14: 8_국립축산과학원 | C14: =E14 -> 2_낙농과 | D14: =IFERROR(VLOOKUP(C14,소속부서!$A$2:$B$20,2,FALSE), "") -> 2_축산자원개발부 | E14: 2_낙농과 | F14: 박성민 | G14: 즉시52 | H14: ‘국산 로봇착유기’ 대만 수출 | I14: 팜앤마켓 | J14: 45875 | L14: =IFERROR(VLOOKUP(I14,보도매체!$A:$C,2,FALSE), "") -> 13_인터넷포털 | M14: =IFERROR(VLOOKUP(I14,보도매체!$A:$C,3,FALSE), "") -> 0.1 | N14: 45876
A15: 14 | B15: 8_국립축산과학원 | C15: =E15 -> 2_낙농과 | D15: =IFERROR(VLOOKUP(C15,소속부서!$A$2:$B$20,2,FALSE), "") -> 2_축산자원개발부 | E15: 2_낙농과 | F15: 박성민 | G15: 즉시52 | H15: ‘로봇착유기’ 대만 수출...맞춤형 기술 적용 | I15: 한국경제TV | J15: 45875 | L15: =IFERROR(VLOOKUP(I15,보도매체!$A:$C,2,FALSE), "") -> 13_인터넷포털 | M15: =IFERROR(VLOOKUP(I15,보도매체!$A:$C,3,FALSE), "") -> 0.1 | N15: 45876
A16: 15 | B16: 8_국립축산과학원 | C16: =E16 -> 4_조사료생산시스템과 | D16: =IFERROR(VLOOKUP(C16,소속부서!$A$2:$B$20,2,FALSE), "") -> 2_축산자원개발부 | E16: 4_조사료생산시스템과 | F16: 최보람 | G16: 즉시51 | H16: 창녕군, 사료피 신품종 현장 평가회 성황 | I16: 이뉴스투데이 | J16: 45875 | L16: =IFERROR(VLOOKUP(I16,보도매체!$A:$C,2,FALSE), "") -> 10_주간지 | M16: =IFERROR(VLOOKUP(I16,보도매체!$A:$C,3,FALSE), "") -> 1 | N16: 45876
A17: 16 | B17: 8_국립축산과학원 | C17: =E17 -> 2_낙농과 | D17: =IFERROR(VLOOKUP(C17,소속부서!$A$2:$B$20,2,FALSE), "") -> 2_축산자원개발부 | E17: 2_낙농과 | F17: 박성민 | G17: 즉시52 | H17: 농촌진흥청 공동 개발 ‘로봇착유기’ 타이완에 첫 수출···세계시장 진출 발판 | I17: KBS | J17: 45875 | L17: =IFERROR(VLOOKUP(I17,보도매체!$A:$C,2,FALSE), "") -> 01_TV-중앙 | M17: =IFERROR(VLOOKUP(I17,보도매체!$A:$C,3,FALSE), "") -> 8 | N17: 45876
A18: 17 | B18: 8_국립축산과학원 | C18: =E18 -> 4_조사료생산시스템과 | D18: =IFERROR(VLOOKUP(C18,소속부서!$A$2:$B$20,2,FALSE), "") -> 2_축산자원개발부 | E18: 4_조사료생산시스템과 | F18: 최보람 | G18: 즉시51 | H18: 창녕군, 사료피 신품종 ‘다온’ 현장 평가·수확 연시회 개최 | I18: 아시아경제 | J18: 45875 | L18: =IFERROR(VLOOKUP(I18,보도매체!$A:$C,2,FALSE), "") -> 07_중앙일간지 | M18: =IFERROR(VLOOKUP(I18,보도매체!$A:$C,3,FALSE), "") -> 5 | N18: 45876
A19: 18 | B19: 8_국립축산과학원 | C19: =E19 -> 2_낙농과 | D19: =IFERROR(VLOOKUP(C19,소속부서!$A$2:$B$20,2,FALSE), "") -> 2_축산자원개발부 | E19: 2_낙농과 | F19: 박성민 | G19: 즉시52 | H19: ‘국산 로봇착유기’ 대만 수출···세계 시장 진출 발판 | I19: 전북일보 | J19: 45875 | L19: =IFERROR(VLOOKUP(I19,보도매체!$A:$C,2,FALSE), "") -> 09_지방일간지 | M19: =IFERROR(VLOOKUP(I19,보도매체!$A:$C,3,FALSE), "") -> 1.5 | N19: 45876
A20: 19 | B20: 8_국립축산과학원 | C20: =E20 -> 4_조사료생산시스템과 | D20: =IFERROR(VLOOKUP(C20,소속부서!$A$2:$B$20,2,FALSE), "") -> 2_축산자원개발부 | E20: 4_조사료생산시스템과 | F20: 최보람 | G20: 즉시51 | H20: 창녕군, 고온다습한 여름철에도 강한 신품종 ‘다온’ 첫 선 | I20: 뉴스프리존 | J20: 45875 | L20: =IFERROR(VLOOKUP(I20,보도매체!$A:$C,2,FALSE), "") -> 13_인터넷포털 | M20: =IFERROR(VLOOKUP(I20,보도매체!$A:$C,3,FALSE), "") -> 0.1 | N20: 45876
A21: 20 | B21: 8_국립축산과학원 | C21: =E21 -> 2_낙농과 | D21: =IFERROR(VLOOKUP(C21,소속부서!$A$2:$B$20,2,FALSE), "") -> 2_축산자원개발부 | E21: 2_낙농과 | F21: 박성민 | G21: 즉시52 | H21: 농진청, 기업 개발 로봇착유기 ‘데어리봇’ 대만 수출 | I21: 포인트데일리 | J21: 45875 | L21: =IFERROR(VLOOKUP(I21,보도매체!$A:$C,2,FALSE), "") -> 13_인터넷포털 | M21: =IFERROR(VLOOKUP(I21,보도매체!$A:$C,3,FALSE), "") -> 0.1 | N21: 45876
A22: 21 | B22: 8_국립축산과학원 | C22: =E22 -> 4_조사료생산시스템과 | D22: =IFERROR(VLOOKUP(C22,소속부서!$A$2:$B$20,2,FALSE), "") -> 2_축산자원개발부 | E22: 4_조사료생산시스템과 | F22: 최보람 | G22: 즉시51 | H22: 창녕군, 사료피 신품종 ‘다온’ 현장 평가 및 수확 연시회 개최 | I22: 신아일보 | J22: 45875 | L22: =IFERROR(VLOOKUP(I22,보도매체!$A:$C,2,FALSE), "") -> 08_기타일간지 | M22: =IFERROR(VLOOKUP(I22,보도매체!$A:$C,3,FALSE), "") -> 2 | N22: 45876
A23: 22 | B23: 8_국립축산과학원 | C23: =E23 -> 4_조사료생산시스템과 | D23: =IFERROR(VLOOKUP(C23,소속부서!$A$2:$B$20,2,FALSE), "") -> 2_축산자원개발부 | E23: 4_조사료생산시스템과 | F23: 최보람 | G23: 즉시51 | H23: [창녕군 소식] 사료피 신품종 평가회-남지라이온스클럽 이웃돕기 성품 | I23: KPI뉴스 | J23: 45875 | L23: =IFERROR(VLOOKUP(I23,보도매체!$A:$C,2,FALSE), "") -> 13_인터넷포털 | M23: =IFERROR(VLOOKUP(I23,보도매체!$A:$C,3,FALSE), "") -> 0.1 | N23: 45876
A24: 23 | B24: 8_국립축산과학원 | C24: =E24 -> 2_낙농과 | D24: =IFERROR(VLOOKUP(C24,소속부서!$A$2:$B$20,2,FALSE), "") -> 2_축산자원개발부 | E24: 2_낙농과 | F24: 박성민 | G24: 즉시52 | H24: 국산 로봇착유기, 대만 첫 수출...아시아 낙농 시장 공략 | I24: 베타뉴스 | J24: 45875 | L24: =IFERROR(VLOOKUP(I24,보도매체!$A:$C,2,FALSE), "") -> 13_인터넷포털 | M24: =IFERROR(VLOOKUP(I24,보도매체!$A:$C,3,FALSE), "") -> 0.1 | N24: 45876
A25: 24 | B25: 8_국립축산과학원 | C25: =E25 -> 4_조사료생산시스템과 | D25: =IFERROR(VLOOKUP(C25,소속부서!$A$2:$B$20,2,FALSE), "") -> 2_축산자원개발부 | E25: 4_조사료생산시스템과 | F25: 최보람 | G25: 즉시51 | H25: 창녕군, 사료피 신품종 현장 평가회 성황리 개최 | I25: 경남도민신문 | J25: 45875 | L25: =IFERROR(VLOOKUP(I25,보도매체!$A:$C,2,FALSE), "") -> 09_지방일간지 | M25: =IFERROR(VLOOKUP(I25,보도매체!$A:$C,3,FALSE), "") -> 1.5 | N25: 45876
... A35: 34 | B35: 8_국립축산과학원 | C35: =E35 -> 4_조사료생산시스템과 | D35: =IFERROR(VLOOKUP(C35,소속부서!$A$2:$B$20,2,FALSE), "") -> 2_축산자원개발부 | E35: 4_조사료생산시스템과 | F35: 최보람 | G35: 즉시51 | H35: 창녕군, 사료피 신품종 ‘다온’ 등 현장 평가회 | I35: 뉴스메이커 | J35: 45876 | L35: =IFERROR(VLOOKUP(I35,보도매체!$A:$C,2,FALSE), "") -> 10_기타월간지 | M35: =IFERROR(VLOOKUP(I35,보도매체!$A:$C,3,FALSE), "") -> 1 | N35: 45876
A36: 35 | B36: 8_국립축산과학원 | C36: =#REF! -> #REF! | D36: 1_축산생명환경부 | E36: 3_축산푸드테크과 | F36: 강선문 | G36: 보도자료78 | H36: 복달임 음식으로 주목 받는 ‘염소 고기’...단백질·칼슘·비타민 풍부 | I36: 파이낸셜뉴스 | J36: 45876 | L36: =IFERROR(VLOOKUP(I36,[1]보도매체!$A:$C,2,FALSE), "") -> 07_중앙일간지 | M36: =IFERROR(VLOOKUP(I36,[1]보도매체!$A:$C,3,FALSE), "") -> 5 | N36: 45877
A37: 36 | B37: 8_국립축산과학원 | C37: =#REF! -> #REF! | D37: 1_축산생명환경부 | E37: 3_축산푸드테크과 | F37: 강선문 | G37: 보도자료78 | H37: 농촌진흥청 “여름철 기력회복엔 염소고기”...체력보강에 좋아 | I37: 부산일보 | J37: 45876 | L37: =IFERROR(VLOOKUP(I37,[1]보도매체!$A:$C,2,FALSE), "") -> 09_지방일간지 | M37: =IFERROR(VLOOKUP(I37,[1]보도매체!$A:$C,3,FALSE), "") -> 1.5 | N37: 45877
A38: 37 | B38: 8_국립축산과학원 | C38: =#REF! -> #REF! | D38: 1_축산생명환경부 | E38: 3_축산푸드테크과 | F38: 강선문 | G38: 보도자료78 | H38: 말복엔 ‘염소탕’ 드세요...농진청, 간편 조리법 소개 | I38: 뉴스핌 | J38: 45876 | L38: =IFERROR(VLOOKUP(I38,[1]보도매체!$A:$C,2,FALSE), "") -> 13_인터넷포털 | M38: =IFERROR(VLOOKUP(I38,[1]보도매체!$A:$C,3,FALSE), "") -> 0.1 | N38: 45877
A39: 38 | B39: 8_국립축산과학원 | C39: =#REF! -> #REF! | D39: 2_축산자원개발부 | E39: 2_낙농과 | F39: 박성민 | G39: 즉시52 | H39: [녹색] 국산 ‘로봇착유기’ 타이완 수출...세계 시장 진출 발판(종합뉴스) | I39: YTN | J39: 45876 | L39: =IFERROR(VLOOKUP(I39,[1]보도매체!$A:$C,2,FALSE), "") -> 02_TV-케이블중앙 | M39: =IFERROR(VLOOKUP(I39,[1]보도매체!$A:$C,3,FALSE), "") -> 4 | N39: 45877
A40: 39 | B40: 8_국립축산과학원 | C40: =#REF! -> #REF! | D40: 2_축산자원개발부 | E40: 2_낙농과 | F40: 박성민 | G40: 즉시52 | H40: [녹색] 국산 ‘로봇착유기’ 타이완 수출...세계 시장 진출 발판(YTN24) | I40: YTN | J40: 45876 | L40: =IFERROR(VLOOKUP(I40,[1]보도매체!$A:$C,2,FALSE), "") -> 02_TV-케이블중앙 | M40: =IFERROR(VLOOKUP(I40,[1]보도매체!$A:$C,3,FALSE), "") -> 4 | N40: 45877
A41: 40 | B41: 8_국립축산과학원 | C41: =#REF! -> #REF! | D41: 2_축산자원개발부 | E41: 2_낙농과 | F41: 박성민 | G41: 즉시52 | H41: “노동 시간 절반으로”··국산 ‘로봇 착유기’ 수출 | I41: MBC-TV | J41: 45876 | L41: =IFERROR(VLOOKUP(I41,[1]보도매체!$A:$C,2,FALSE), "") -> 02_TV-지방 | M41: =IFERROR(VLOOKUP(I41,[1]보도매체!$A:$C,3,FALSE), "") -> 4 | N41: 45877
A42: 41 | B42: 8_국립축산과학원 | C42: =#REF! -> #REF! | D42: 2_축산자원개발부 | E42: 2_낙농과 | F42: 박성민 | G42: 즉시52 | H42: 국산 로봇착유기 ‘데어리봇’ 세계 시장 진출 | I42: 전북타임스 | J42: 45876 | K42: 4 | L42: =IFERROR(VLOOKUP(I42,[1]보도매체!$A:$C,2,FALSE), "") -> 09_지방일간지 | M42: =IFERROR(VLOOKUP(I42,[1]보도매체!$A:$C,3,FALSE), "") -> 1.5 | N42: 45877
A43: 42 | B43: 8_국립축산과학원 | C43: =#REF! -> #REF! | D43: 2_축산자원개발부 | E43: 2_낙농과 | F43: 박성민 | G43: 즉시52 | H43: ‘국산 로봇착유기’ 대만 수출길 올라 | I43: 전북연합신문 | J43: 45876 | K43: 5 | L43: =IFERROR(VLOOKUP(I43,[1]보도매체!$A:$C,2,FALSE), "") -> 09_지방일간지 | M43: =IFERROR(VLOOKUP(I43,[1]보도매체!$A:$C,3,FALSE), "") -> 1.5 | N43: 45877
A44: 43 | B44: 8_국립축산과학원 | C44: =#REF! -> #REF! | D44: 2_축산자원개발부 | E44: 2_낙농과 | F44: 박성민 | G44: 즉시52 | H44: 국산 ‘로봇착유기’ 대만 수출···세계시장 진출 발판 | I44: 전북도민일보 | J44: 45876 | K44: 6 | L44: =IFERROR(VLOOKUP(I44,[1]보도매체!$A:$C,2,FALSE), "") -> 09_지방일간지 | M44: =IFERROR(VLOOKUP(I44,[1]보도매체!$A:$C,3,FALSE), "") -> 1.5 | N44: 45877
A45: 44 | B45: 8_국립축산과학원 | C45: =#REF! -> #REF! | D45: 2_축산자원개발부 | E45: 2_낙농과 | F45: 박성민 | G45: 즉시52 | H45: ‘국산 로봇착유기’ 대만 수출···세계 시장 진출 발판 | I45: 전라매일 | J45: 45876 | K45: 4 | L45: =IFERROR(VLOOKUP(I45,[1]보도매체!$A:$C,2,FALSE), "") -> 09_지방일간지 | M45: =IFERROR(VLOOKUP(I45,[1]보도매체!$A:$C,3,FALSE), "") -> 1.5 | N45: 45877
A46: 45 | B46: 8_국립축산과학원 | C46: =#REF! -> #REF! | D46: 2_축산자원개발부 | E46: 2_낙농과 | F46: 박성민 | G46: 즉시52 | H46: ‘국산 로봇착유기’ 대만 수출···세계 시장 진출 발판 | I46: 새전북신문 | J46: 45876 | K46: 4 | L46: =IFERROR(VLOOKUP(I46,[1]보도매체!$A:$C,2,FALSE), "") -> 09_지방일간지 | M46: =IFERROR(VLOOKUP(I46,[1]보도매체!$A:$C,3,FALSE), "") -> 1.5 | N46: 45877
A47: 46 | B47: 8_국립축산과학원 | C47: =#REF! -> #REF! | D47: 2_축산자원개발부 | E47: 2_낙농과 | F47: 박성민 | G47: 즉시52 | H47: ‘국산 로봇착유기’ 대만 수출···세계 시장 진출 발판 | I47: 전주매일 | J47: 45876 | K47: 6 | L47: =IFERROR(VLOOKUP(I47,[1]보도매체!$A:$C,2,FALSE), "") -> 09_지방일간지 | M47: =IFERROR(VLOOKUP(I47,[1]보도매체!$A:$C,3,FALSE), "") -> 1.5 | N47: 45877
A48: 47 | B48: 8_국립축산과학원 | C48: =#REF! -> #REF! | D48: 2_축산자원개발부 | E48: 2_낙농과 | F48: 박성민 | G48: 즉시52 | H48: 국산 로봇착유기 대만 수출···아시아 낙농시장 ‘교두보’ | I48: 전북일보 | J48: 45876 | K48: 6 | L48: =IFERROR(VLOOKUP(I48,[1]보도매체!$A:$C,2,FALSE), "") -> 09_지방일간지 | M48: =IFERROR(VLOOKUP(I48,[1]보도매체!$A:$C,3,FALSE), "") -> 1.5 | N48: 45877
A49: 48 | B49: 8_국립축산과학원 | C49: =#REF! -> #REF! | D49: 2_축산자원개발부 | E49: 4_조사료생산시스템과 | F49: 최보람 | G49: 즉시51 | H49: 창녕군, 사료피 신품종 현장 평가회 성료 | I49: 경남연합일보 | J49: 45876 | K49: 8 | L49: =IFERROR(VLOOKUP(I49,[1]보도매체!$A:$C,2,FALSE), "") -> 09_지방일간지 | M49: =IFERROR(VLOOKUP(I49,[1]보도매체!$A:$C,3,FALSE), "") -> 1.5 | N49: 45877
A50: 49 | B50: 8_국립축산과학원 | C50: =#REF! -> #REF! | D50: 2_축산자원개발부 | E50: 4_조사료생산시스템과 | F50: 최보람 | G50: 즉시51 | H50: 창녕 사료피 신품종 평가회 고온다습 강한 ‘다온’ 첫 선 | I50: 경남매일 | J50: 45876 | K50: 11 | L50: =IFERROR(VLOOKUP(I50,[1]보도매체!$A:$C,2,FALSE), "") -> 09_지방일간지 | M50: =IFERROR(VLOOKUP(I50,[1]보도매체!$A:$C,3,FALSE), "") -> 1.5 | N50: 45877
A51: 50 | B51: 8_국립축산과학원 | C51: =#REF! -> #REF! | D51: 2_축산자원개발부 | E51: 4_조사료생산시스템과 | F51: 최보람 | G51: 즉시51 | H51: 창녕, 사료피 신품종 현장 평가회 성황리 개최 | I51: 서울일보 | J51: 45876 | K51: 17 | L51: =IFERROR(VLOOKUP(I51,[1]보도매체!$A:$C,2,FALSE), "") -> 08_기타일간지 | M51: =IFERROR(VLOOKUP(I51,[1]보도매체!$A:$C,3,FALSE), "") -> 2 | N51: 45877
A52: 51 | B52: 8_국립축산과학원 | C52: =#REF! -> #REF! | D52: 2_축산자원개발부 | E52: 1_가축개량평가과 | F52: 박미나 | H52: 경북,2025년 상반기 한우 보증씨수소 선발 시상식 개최 | I52: 서울매일 | J52: 45876 | K52: 15 | L52: =IFERROR(VLOOKUP(I52,[1]보도매체!$A:$C,2,FALSE), "") -> 09_지방일간지 | M52: =IFERROR(VLOOKUP(I52,[1]보도매체!$A:$C,3,FALSE), "") -> 1.5 | N52: 45877
A53: 52 | B53: 8_국립축산과학원 | C53: =#REF! -> #REF! | D53: 2_축산자원개발부 | E53: 4_조사료생산시스템과 | F53: 최보람 | G53: 즉시51 | H53: 국립축산과학원, 하계 풀사료 재배 농가 현장 점검 | I53: 버섯신문 | J53: 45869 | K53: 15 | L53: =IFERROR(VLOOKUP(I53,[1]보도매체!$A:$C,2,FALSE), "") -> 09_농업전문지 | M53: =IFERROR(VLOOKUP(I53,[1]보도매체!$A:$C,3,FALSE), "") -> 1.5 | N53: 45877
A54: 53 | B54: 8_국립축산과학원 | C54: =#REF! -> #REF! | D54: 1_축산생명환경부 | E54: 3_축산푸드테크과 | F54: 강선문 | G54: 보도자료78 | H54: 여름철 기력 보충, 염소 고기로 ‘보양 한 그릇’ | I54: 대한급식신문 | J54: 45876 | L54: =IFERROR(VLOOKUP(I54,[1]보도매체!$A:$C,2,FALSE), "") -> 09_농업전문지 | M54: =IFERROR(VLOOKUP(I54,[1]보도매체!$A:$C,3,FALSE), "") -> 1.5 | N54: 45877
A55: 54 | B55: 8_국립축산과학원 | C55: =#REF! -> #REF! | D55: 1_축산생명환경부 | E55: 3_축산푸드테크과 | F55: 강선문 | G55: 보도자료78 | H55: 알고 먹으면 더 든든한 복날 보양식 ‘염소탕’ | I55: 전북중앙 | J55: 45876 | L55: =IFERROR(VLOOKUP(I55,[1]보도매체!$A:$C,2,FALSE), "") -> 09_지방일간지 | M55: =IFERROR(VLOOKUP(I55,[1]보도매체!$A:$C,3,FALSE), "") -> 1.5 | N55: 45877
A56: 55 | B56: 8_국립축산과학원 | C56: =#REF! -> #REF! | D56: =IFERROR(VLOOKUP('[1]2022년 누적시트'!C22,[1]소속부서!$A$2:$B$20,2,FALSE), "") -> 1_축산생명환경부 | E56: 6_동물복지과 | F56: 이우도 | H56: 반려동물 밥상 위 탄소발자국...펫푸드 산업의 환경 비용 | I56: 뉴스펭귄 | J56: 45876 | L56: =IFERROR(VLOOKUP(I56,[1]보도매체!$A:$C,2,FALSE), "") -> 13_인터넷포털 | M56: =IFERROR(VLOOKUP(I56,[1]보도매체!$A:$C,3,FALSE), "") -> 0.1 | N56: 45877
A57: 56 | B57: 8_국립축산과학원 | C57: =#REF! -> #REF! | D57: =IFERROR(VLOOKUP('[1]2022년 누적시트'!C23,[1]소속부서!$A$2:$B$20,2,FALSE), "") -> 2_축산자원개발부 | E57: 5_한우연구센터 | F57: 백열창 | H57: 한우 사육기간 단축, 한 발 물러선 농식품부...“강제 입장 아냐..농가 소득 보전 지원 추진” | I57: 팜인사이트 | J57: 45876 | L57: =IFERROR(VLOOKUP(I57,[1]보도매체!$A:$C,2,FALSE), "") -> 13_인터넷포털 | M57: =IFERROR(VLOOKUP(I57,[1]보도매체!$A:$C,3,FALSE), "") -> 0.1 | N57: 45877
A58: 57 | B58: 8_국립축산과학원 | C58: =#REF! -> #REF! | D58: 2_축산자원개발부 | E58: 1_가축개량평가과 | F58: 박미나 | H58: [축산고수 따라잡기] 꼼꼼한 기록, 철저한 계획교배···기본이 곧 비결/ 월간축산 | I58: 농민신문 | J58: 45877 | L58: =IFERROR(VLOOKUP(I58,[1]보도매체!$A:$C,2,FALSE), "") -> 09_농업전문지 | M58: =IFERROR(VLOOKUP(I58,[1]보도매체!$A:$C,3,FALSE), "") -> 1.5 | N58: 45877
A59: 58 | B59: 8_국립축산과학원 | C59: =#REF! -> #REF! | D59: 1_축산생명환경부 | E59: 3_축산푸드테크과 | F59: 강선문 | G59: 보도자료78 | H59: 염소탕, 알고 먹으면 더 든든한 복날 보양식 | I59: 농기자재신문 | J59: 45877 | L59: =IFERROR(VLOOKUP(I59,[1]보도매체!$A:$C,2,FALSE), "") -> 09_농업전문지 | M59: =IFERROR(VLOOKUP(I59,[1]보도매체!$A:$C,3,FALSE), "") -> 1.5 | N59: 45877
A60: 59 | B60: 8_국립축산과학원 | C60: =#REF! -> #REF! | D60: 2_축산자원개발부 | E60: 1_가축개량평가과 | F60: 박미나 | H60: [Issue+] 한우 보증씨수소 선발 어디까지 왔나 | I60: 농수축산신문 | J60: 45877 | L60: =IFERROR(VLOOKUP(I60,[1]보도매체!$A:$C,2,FALSE), "") -> 09_농업전문지 | M60: =IFERROR(VLOOKUP(I60,[1]보도매체!$A:$C,3,FALSE), "") -> 1.5 | N60: 45877
A61: 60 | B61: 8_국립축산과학원 | C61: =#REF! -> #REF! | D61: 2_축산자원개발부 | E61: 2_낙농과 | F61: 박성민 | G61: 즉시52 | H61: “26년만의 쾌거”···‘국산 로봇착유기’ 대만으로 첫 수출 | I61: 농민신문 | J61: 45877 | L61: =IFERROR(VLOOKUP(I61,[1]보도매체!$A:$C,2,FALSE), "") -> 09_농업전문지 | M61: =IFERROR(VLOOKUP(I61,[1]보도매체!$A:$C,3,FALSE), "") -> 1.5 | N61: 45877
A62: 61 | B62: 8_국립축산과학원 | C62: =#REF! -> #REF! | D62: 2_축산자원개발부 | E62: 1_가축개량평가과 | F62: 박미나 | H62: 농협, 고능력 유전 개체 시상 | I62: 축산경제신문 | J62: 45877 | L62: =IFERROR(VLOOKUP(I62,[1]보도매체!$A:$C,2,FALSE), "") -> 09_농업전문지 | M62: =IFERROR(VLOOKUP(I62,[1]보도매체!$A:$C,3,FALSE), "") -> 1.5 | N62: 45877
A63: 62 | B63: 8_국립축산과학원 | C63: =#REF! -> #REF! | D63: 0_본원 | E63: 3_기술지원과 | F63: 김창한 | G63: 즉시49 | H63: 농촌진흥청, 가축 폭염 대응 기술 보급 박차 | I63: 축산경제신문 | J63: 45877 | L63: =IFERROR(VLOOKUP(I63,[1]보도매체!$A:$C,2,FALSE), "") -> 09_농업전문지 | M63: =IFERROR(VLOOKUP(I63,[1]보도매체!$A:$C,3,FALSE), "") -> 1.5 | N63: 45877
A64: 63 | B64: 8_국립축산과학원 | C64: =#REF! -> #REF! | D64: =IFERROR(VLOOKUP('[1]2022년 누적시트'!C30,[1]소속부서!$A$2:$B$20,2,FALSE), "") -> 0_본원 | E64: 3_기술지원과 | F64: 김정현 | G64: 즉시50 | H64: 농촌진흥청, 가축 폭염 대응 기술 보급 박차 | I64: 축산경제신문 | J64: 45877 | L64: =IFERROR(VLOOKUP(I64,[1]보도매체!$A:$C,2,FALSE), "") -> 09_농업전문지 | M64: =IFERROR(VLOOKUP(I64,[1]보도매체!$A:$C,3,FALSE), "") -> 1.5 | N64: 45877
A65: 64 | B65: 8_국립축산과학원 | C65: =#REF! -> #REF! | D65: 2_축산자원개발부 | E65: 4_조사료생산시스템과 | F65: 최보람 | G65: 즉시51 | H65: 신품종 ‘다온’...사료 국산화 견인 | I65: 축산경제신문 | J65: 45877 | L65: =IFERROR(VLOOKUP(I65,[1]보도매체!$A:$C,2,FALSE), "") -> 09_농업전문지 | M65: =IFERROR(VLOOKUP(I65,[1]보도매체!$A:$C,3,FALSE), "") -> 1.5 | N65: 45877
A66: 65 | B66: 8_국립축산과학원 | C66: =#REF! -> #REF! | D66: 2_축산자원개발부 | E66: 2_낙농과 | F66: 박성민 | G66: 즉시52 | H66: 국산 로봇 착유기 대만 수출 | I66: 축산경제신문 | J66: 45877 | L66: =IFERROR(VLOOKUP(I66,[1]보도매체!$A:$C,2,FALSE), "") -> 09_농업전문지 | M66: =IFERROR(VLOOKUP(I66,[1]보도매체!$A:$C,3,FALSE), "") -> 1.5 | N66: 45877
A67: 66 | B67: 8_국립축산과학원 | C67: =#REF! -> #REF! | D67: 2_축산자원개발부 | E67: 6_축산자원개발부이전추진팀 | F67: 임은아 | H67: 올해 건축 기술형 최대어 ‘축산자원개발부 이전사업’...누구 품으로? | I67: 대한경제 | J67: 45877 | L67: =IFERROR(VLOOKUP(I67,[1]보도매체!$A:$C,2,FALSE), "") -> 13_인터넷포털 | M67: =IFERROR(VLOOKUP(I67,[1]보도매체!$A:$C,3,FALSE), "") -> 0.1 | N67: 45877
A68: 67 | B68: 8_국립축산과학원 | C68: =#REF! -> #REF! | D68: 2_축산자원개발부 | E68: 2_낙농과 | F68: 박성민 | G68: 즉시52 | H68: 국산 로봇착유기, 대만 수출로 아시아 시장 본격 진출 | I68: 뉴스캠프 | J68: 45877 | L68: =IFERROR(VLOOKUP(I68,[1]보도매체!$A:$C,2,FALSE), "") -> 13_인터넷포털 | M68: =IFERROR(VLOOKUP(I68,[1]보도매체!$A:$C,3,FALSE), "") -> 0.1 | N68: 45877
A69: 68 | B69: 8_국립축산과학원 | C69: =#REF! -> #REF! | D69: 2_축산자원개발부 | E69: 2_낙농과 | F69: 박성민 | G69: 즉시52 | H69: AI로 짜는 우유···젖소 사육도 첨단 시대 | I69: LG헬로비전 | J69: 45876 | L69: =IFERROR(VLOOKUP(I69,[2]보도매체!$A:$C,2,FALSE), "") -> 03_TV-케이블지방 | M69: =IFERROR(VLOOKUP(I69,[2]보도매체!$A:$C,3,FALSE), "") -> 2.5
A70: 69 | B70: 8_국립축산과학원 | C70: =#REF! -> #REF! | D70: 2_축산자원개발부 | E70: 2_낙농과 | F70: 박성민 | G70: 즉시52 | H70: 소 젖 짜는 로봇착유기, 아시아 시장 본격 진출 | I70: Sk브로드밴드 | J70: 45876 | L70: =IFERROR(VLOOKUP(I70,[2]보도매체!$A:$C,2,FALSE), "") -> 03_TV-케이블지방 | M70: =IFERROR(VLOOKUP(I70,[2]보도매체!$A:$C,3,FALSE), "") -> 2.5
A71: 70 | B71: 8_국립축산과학원 | C71: =#REF! -> #REF! | D71: 2_축산자원개발부 | E71: 2_낙농과 | F71: 박성민 | G71: 즉시52 | H71: ‘국산 로봇 착유기’ 아시아시장 진출···기술·가격 경쟁력 ‘주목’ | I71: NBS-TV | J71: 45877 | L71: =IFERROR(VLOOKUP(I71,[2]보도매체!$A:$C,2,FALSE), "") -> 03_TV-케이블지방 | M71: =IFERROR(VLOOKUP(I71,[2]보도매체!$A:$C,3,FALSE), "") -> 2.5
A72: 71 | B72: 8_국립축산과학원 | C72: =#REF! -> #REF! | D72: 2_축산자원개발부 | E72: 2_낙농과 | F72: 박성민 | G72: 즉시52 | H72: 국산 로봇착유기 아시아 시장 진출···“수출 교두보” | I72: 연합뉴스TV | J72: 45879 | L72: =IFERROR(VLOOKUP(I72,[2]보도매체!$A:$C,2,FALSE), "") -> 02_TV-케이블중앙 | M72: =IFERROR(VLOOKUP(I72,[2]보도매체!$A:$C,3,FALSE), "") -> 4
A73: 72 | B73: 8_국립축산과학원 | C73: =#REF! -> #REF! | D73: 2_축산자원개발부 | E73: 2_낙농과 | F73: 박성민 | G73: 즉시52 | H73: ‘국산 로봇착유기’ 아시아 시장 본격 진출 | I73: OBS | J73: 45879 | L73: =IFERROR(VLOOKUP(I73,[2]보도매체!$A:$C,2,FALSE), "") -> 02_TV-지방 | M73: =IFERROR(VLOOKUP(I73,[2]보도매체!$A:$C,3,FALSE), "") -> 4
A74: 73 | B74: 8_국립축산과학원 | C74: =#REF! -> #REF! | D74: 2_축산자원개발부 | E74: 2_낙농과 | F74: 박성민 | G74: 즉시52 | H74: 농진청 공동 개발 ‘로봇착유기’ 첫 수출 | I74: KBS | J74: 45875 | L74: =IFERROR(VLOOKUP(I74,[2]보도매체!$A:$C,2,FALSE), "") -> 01_TV-중앙 | M74: =IFERROR(VLOOKUP(I74,[2]보도매체!$A:$C,3,FALSE), "") -> 8
A75: 74 | B75: 8_국립축산과학원 | C75: =#REF! -> #REF! | D75: 1_축산생명환경부 | E75: 3_축산푸드테크과 | F75: 강선문 | G75: 보도자료78 | H75: 알고 먹으면 더 든든한 복날 보양식 ‘염소탕’ | I75: 전북중앙 | J75: 45877 | K75: 8 | L75: =IFERROR(VLOOKUP(I75,[2]보도매체!$A:$C,2,FALSE), "") -> 09_지방일간지 | M75: =IFERROR(VLOOKUP(I75,[2]보도매체!$A:$C,3,FALSE), "") -> 1.5
A76: 75 | B76: 8_국립축산과학원 | C76: =#REF! -> #REF! | D76: 1_축산생명환경부 | E76: 3_축산푸드테크과 | F76: 강선문 | G76: 보도자료78 | H76: ‘염소 고기’ 여름철 복달임 음식 주목···여름철 생산량 주목 | I76: 전라매일 | J76: 45877 | K76: 4 | L76: =IFERROR(VLOOKUP(I76,[2]보도매체!$A:$C,2,FALSE), "") -> 09_지방일간지 | M76: =IFERROR(VLOOKUP(I76,[2]보도매체!$A:$C,3,FALSE), "") -> 1.5
A77: 76 | B77: 8_국립축산과학원 | C77: =#REF! -> #REF! | D77: 1_축산생명환경부 | E77: 3_축산푸드테크과 | F77: 강선문 | G77: 보도자료78 | H77: 농진청, 여름철 보양식 ‘염소탕’ 조리법 소개 | I77: 전북타임스 | J77: 45877 | K77: 4 | L77: =IFERROR(VLOOKUP(I77,[2]보도매체!$A:$C,2,FALSE), "") -> 09_지방일간지 | M77: =IFERROR(VLOOKUP(I77,[2]보도매체!$A:$C,3,FALSE), "") -> 1.5
A78: 77 | B78: 8_국립축산과학원 | C78: =#REF! -> #REF! | D78: 1_축산생명환경부 | E78: 3_축산푸드테크과 | F78: 강선문 | G78: 보도자료78 | H78: “고단백·저지방 염소고기, 복날 음식으로 딱!” | I78: 새만금일보 | J78: 45877 | K78: 6 | L78: =IFERROR(VLOOKUP(I78,[2]보도매체!$A:$C,2,FALSE), "") -> 09_지방일간지 | M78: =IFERROR(VLOOKUP(I78,[2]보도매체!$A:$C,3,FALSE), "") -> 1.5
A79: 78 | B79: 8_국립축산과학원 | C79: =#REF! -> #REF! | D79: 1_축산생명환경부 | E79: 3_축산푸드테크과 | F79: 강선문 | G79: 보도자료78 | H79: ‘염소탕, 알고 먹으면 복날 보양식’ | I79: 전주매일 | J79: 45877 | K79: 6 | L79: =IFERROR(VLOOKUP(I79,[2]보도매체!$A:$C,2,FALSE), "") -> 09_지방일간지 | M79: =IFERROR(VLOOKUP(I79,[2]보도매체!$A:$C,3,FALSE), "") -> 1.5
A80: 79 | B80: 8_국립축산과학원 | C80: =#REF! -> #REF! | D80: 0_본원 | E80: 3_기술지원과 | F80: 김창한 | G80: 즉시49 | H80: 낙농가, 폭염·폭우로 ‘이중고’ 줄어드는 산유량에 한숨만 | I80: 농수축산신문 | J80: 45877 | K80: 12 | L80: =IFERROR(VLOOKUP(I80,[2]보도매체!$A:$C,2,FALSE), "") -> 09_농업전문지 | M80: =IFERROR(VLOOKUP(I80,[2]보도매체!$A:$C,3,FALSE), "") -> 1.5
A81: 80 | B81: 8_국립축산과학원 | C81: =#REF! -> #REF! | D81: 0_본원 | E81: 3_기술지원과 | F81: 김정현 | G81: 즉시50 | H81: 낙농가, 폭염·폭우로 ‘이중고’ 줄어드는 산유량에 한숨만 | I81: 농수축산신문 | J81: 45877 | K81: 12 | L81: =IFERROR(VLOOKUP(I81,[2]보도매체!$A:$C,2,FALSE), "") -> 09_농업전문지 | M81: =IFERROR(VLOOKUP(I81,[2]보도매체!$A:$C,3,FALSE), "") -> 1.5
A82: 81 | B82: 8_국립축산과학원 | C82: =#REF! -> #REF! | D82: =IFERROR(VLOOKUP('[2]2022년 누적시트'!C15,[2]소속부서!$A$2:$B$20,2,FALSE), "") -> 2_축산자원개발부 | E82: 1_가축개량평가과 | F82: 박미나 | H82: 상주시 한길농장, 보증씨수소 ‘KPN 1690’ 배출 | I82: 농수축산신문 | J82: 45877 | K82: 16 | L82: =IFERROR(VLOOKUP(I82,[2]보도매체!$A:$C,2,FALSE), "") -> 09_농업전문지 | M82: =IFERROR(VLOOKUP(I82,[2]보도매체!$A:$C,3,FALSE), "") -> 1.5
A83: 82 | B83: 8_국립축산과학원 | C83: =#REF! -> #REF! | D83: 1_축산생명환경부 | E83: 5_가축정밀영양과 | F83: 박설화 | H83: 건국대 메탄저감제 실험기관 지정 의미는 | I83: 농수축산신문 | J83: 45877 | K83: 13 | L83: =IFERROR(VLOOKUP(I83,[2]보도매체!$A:$C,2,FALSE), "") -> 09_농업전문지 | M83: =IFERROR(VLOOKUP(I83,[2]보도매체!$A:$C,3,FALSE), "") -> 1.5
A84: 83 | B84: 8_국립축산과학원 | C84: =#REF! -> #REF! | D84: =IFERROR(VLOOKUP('[2]2022년 누적시트'!C17,[2]소속부서!$A$2:$B$20,2,FALSE), "") -> 2_축산자원개발부 | E84: 1_가축개량평가과 | F84: 박미나 | H84: 한우산업, 유전능력 중심 정밀 개량으로 전환 가속 | I84: 농수축산신문 | J84: 45877 | K84: 5 | L84: =IFERROR(VLOOKUP(I84,[2]보도매체!$A:$C,2,FALSE), "") -> 09_농업전문지 | M84: =IFERROR(VLOOKUP(I84,[2]보도매체!$A:$C,3,FALSE), "") -> 1.5
A85: 84 | B85: 8_국립축산과학원 | C85: =#REF! -> #REF! | D85: 2_축산자원개발부 | E85: 2_낙농과 | F85: 박성민 | G85: 즉시52 | H85: ‘국산 로봇착유기’ 대만 수출...세계 시장 진출 발판 | I85: 로봇신문 | J85: 45877 | L85: =IFERROR(VLOOKUP(I85,[2]보도매체!$A:$C,2,FALSE), "") -> 13_인터넷포털 | M85: =IFERROR(VLOOKUP(I85,[2]보도매체!$A:$C,3,FALSE), "") -> 0.1
A86: 85 | B86: 8_국립축산과학원 | C86: =#REF! -> #REF! | D86: =IFERROR(VLOOKUP('[2]2022년 누적시트'!C19,[2]소속부서!$A$2:$B$20,2,FALSE), "") -> 2_축산자원개발부 | E86: 4_조사료생산시스템과 | F86: 최보람 | G86: 즉시51 | H86: 사료피 신품종 ‘다온’,폭우 속에도 잘컸 | I86: 한국영농신문 | J86: 45877 | L86: =IFERROR(VLOOKUP(I86,[2]보도매체!$A:$C,2,FALSE), "") -> 09_농업전문지 | M86: =IFERROR(VLOOKUP(I86,[2]보도매체!$A:$C,3,FALSE), "") -> 1.5
A87: 86 | B87: 8_국립축산과학원 | C87: =#REF! -> #REF! | D87: 2_축산자원개발부 | E87: 2_낙농과 | F87: 박성민 | G87: 즉시52 | H87: ㈜다운·농진청 손잡고 만든 국산 로봇착유기, 대만서 달린다 | I87: 인천일보 | J87: 45878 | L87: =IFERROR(VLOOKUP(I87,[2]보도매체!$A:$C,2,FALSE), "") -> 09_지방일간지 | M87: =IFERROR(VLOOKUP(I87,[2]보도매체!$A:$C,3,FALSE), "") -> 1.5
A88: 87 | B88: 8_국립축산과학원 | C88: =#REF! -> #REF! | D88: 2_축산자원개발부 | E88: 2_낙농과 | F88: 박성민 | G88: 즉시52 | H88: ‘국산 로봇착유기’ 대만 수출길...세계 시장으로 간다 | I88: 한스경제 | J88: 45878 | L88: =IFERROR(VLOOKUP(I88,[2]보도매체!$A:$C,2,FALSE), "") -> 13_인터넷포털 | M88: =IFERROR(VLOOKUP(I88,[2]보도매체!$A:$C,3,FALSE), "") -> 0.1
A89: 88 | B89: 8_국립축산과학원 | C89: =#REF! -> #REF! | D89: 2_축산자원개발부 | E89: 2_낙농과 | F89: 박성민 | G89: 즉시52 | H89: 농촌진흥청, 국산‘로봇착유기‘ 대만 수출...세계 시장 진출 발판 | I89: 이코노뉴스 | J89: 45878 | L89: =IFERROR(VLOOKUP(I89,[2]보도매체!$A:$C,2,FALSE), "") -> 13_인터넷포털 | M89: =IFERROR(VLOOKUP(I89,[2]보도매체!$A:$C,3,FALSE), "") -> 0.1
A90: 89 | B90: 8_국립축산과학원 | C90: =#REF! -> #REF! | D90: =IFERROR(VLOOKUP('[2]2022년 누적시트'!C23,[2]소속부서!$A$2:$B$20,2,FALSE), "") -> 1_축산생명환경부 | E90: 3_축산푸드테크과 | F90: 이은선 | G90: 보도자료79 | H90: “여름철 달걀, 구매 즉시 4도 이하 냉장 보관해야” | I90: 미디어펜 | J90: 45879 | L90: =IFERROR(VLOOKUP(I90,[2]보도매체!$A:$C,2,FALSE), "") -> 13_인터넷포털 | M90: =IFERROR(VLOOKUP(I90,[2]보도매체!$A:$C,3,FALSE), "") -> 0.1
A91: 90 | B91: 8_국립축산과학원 | C91: =#REF! -> #REF! | D91: 1_축산생명환경부 | E91: 3_축산푸드테크과 | F91: 이은선 | G91: 보도자료79 | H91: 여름 식중독 주의, 달걀 냉장 보관해야 안전 | I91: 농기자재신문 | J91: 45880 | L91: =IFERROR(VLOOKUP(I91,[2]보도매체!$A:$C,2,FALSE), "") -> 09_농업전문지 | M91: =IFERROR(VLOOKUP(I91,[2]보도매체!$A:$C,3,FALSE), "") -> 1.5
A92: 91 | B92: 8_국립축산과학원 | C92: =#REF! -> #REF! | D92: 1_축산생명환경부 | E92: 3_축산푸드테크과 | F92: 이은선 | G92: 보도자료79 | H92: 여름철 달걀 보관, “반드시 냉장고에”...살모넬라균 억제 확인 | I92: 인더스트리뉴스 | J92: 45880 | L92: =IFERROR(VLOOKUP(I92,[2]보도매체!$A:$C,2,FALSE), "") -> 13_인터넷포털 | M92: =IFERROR(VLOOKUP(I92,[2]보도매체!$A:$C,3,FALSE), "") -> 0.1
A93: 92 | B93: 8_국립축산과학원 | C93: =#REF! -> #REF! | D93: 1_축산생명환경부 | E93: 5_가축정밀영양과 | F93: 박설화 | G93: 보도자료72 | H93: 축산과학원, 건국대에 ‘메탄저감제 실험기관’ 현판 전달 | I93: 한우신문 | J93: 45874 | L93: =IFERROR(VLOOKUP(I93,[2]보도매체!$A:$C,2,FALSE), "") -> 10_기타전문지 | M93: =IFERROR(VLOOKUP(I93,[2]보도매체!$A:$C,3,FALSE), "") -> 1
A94: 93 | B94: 8_국립축산과학원 | C94: =#REF! -> #REF! | D94: 0_본원 | E94: 3_기술지원과 | F94: 김창한 | H94: 임실, 한우 번식관리 스마트팜 시스템 도입 | I94: 한우신문 | J94: 45874 | L94: =IFERROR(VLOOKUP(I94,[2]보도매체!$A:$C,2,FALSE), "") -> 10_기타전문지 | M94: =IFERROR(VLOOKUP(I94,[2]보도매체!$A:$C,3,FALSE), "") -> 1
A95: 94 | B95: 8_국립축산과학원 | C95: =#REF! -> #REF! | D95: =IFERROR(VLOOKUP('[2]2022년 누적시트'!C28,[2]소속부서!$A$2:$B$20,2,FALSE), "") -> 2_축산자원개발부 | E95: 4_조사료생산시스템과 | F95: 최보람 | G95: 즉시51 | H95: 창녕군,사료피 신품종 현장 평가회 성황리 개최 | I95: 경찰연합신문 | J95: 45875 | L95: =IFERROR(VLOOKUP(I95,[2]보도매체!$A:$C,2,FALSE), "") -> 13_인터넷포털 | M95: =IFERROR(VLOOKUP(I95,[2]보도매체!$A:$C,3,FALSE), "") -> 0.1
A96: 95 | B96: 8_국립축산과학원 | C96: =#REF! -> #REF! | D96: 2_축산자원개발부 | E96: 1_가축개량평가과 | F96: 성하승 | G96: 보도자료76 | H96: 농촌진흥청, 한우 암소 유전체 분석 후 ‘한우 교배계획 길라잡이’로 정액 선택 | I96: 경찰연합신문 | J96: 45870 | L96: =IFERROR(VLOOKUP(I96,[2]보도매체!$A:$C,2,FALSE), "") -> 13_인터넷포털 | M96: =IFERROR(VLOOKUP(I96,[2]보도매체!$A:$C,3,FALSE), "") -> 0.1
A97: 96 | B97: 8_국립축산과학원 | C97: =#REF! -> #REF! | D97: 0_본원 | E97: 3_기술지원과 | F97: 김정현 | H97: “한우 축사 더위 식히기”청주시, 에어제트팬 공급 | I97: 경찰연합신문 | J97: 45870 | L97: =IFERROR(VLOOKUP(I97,[2]보도매체!$A:$C,2,FALSE), "") -> 13_인터넷포털 | M97: =IFERROR(VLOOKUP(I97,[2]보도매체!$A:$C,3,FALSE), "") -> 0.1
A98: 97 | B98: 8_국립축산과학원 | C98: =#REF! -> #REF! | D98: 0_본원 | E98: 3_기술지원과 | F98: 이경은 | H98: 합천군, 축산 맞춤형 종합컨설팅 실시 | I98: 경찰연합신문 | J98: 45867 | L98: =IFERROR(VLOOKUP(I98,[2]보도매체!$A:$C,2,FALSE), "") -> 13_인터넷포털 | M98: =IFERROR(VLOOKUP(I98,[2]보도매체!$A:$C,3,FALSE), "") -> 0.1
A99: 98 | B99: 8_국립축산과학원 | C99: =#REF! -> #REF! | D99: 0_본원 | E99: 3_기술지원과 | F99: 이경은 | H99: 창녕군, 한우산업 이끌‘축산 청년농업인’ 본격 육성 | I99: 경찰연합신문 | J99: 45867 | L99: =IFERROR(VLOOKUP(I99,[2]보도매체!$A:$C,2,FALSE), "") -> 13_인터넷포털 | M99: =IFERROR(VLOOKUP(I99,[2]보도매체!$A:$C,3,FALSE), "") -> 0.1
A100: 99 | B100: 8_국립축산과학원 | C100: =#REF! -> #REF! | D100: 0_본원 | E100: 3_기술지원과 | F100: 이경은 | H100: 정읍시, 한우 경쟁력 키운다···현장 맞춤형 교육 실시 | I100: 경찰연합신문 | J100: 45860 | L100: =IFERROR(VLOOKUP(I100,[2]보도매체!$A:$C,2,FALSE), "") -> 13_인터넷포털 | M100: =IFERROR(VLOOKUP(I100,[2]보도매체!$A:$C,3,FALSE), "") -> 0.1
A101: 100 | B101: 8_국립축산과학원 | C101: =#REF! -> #REF! | D101: 1_축산생명환경부 | E101: 5_가축정밀영양과 | F101: 강환구 | G101: 보도자료60 | H101: 충북농기원, 가축 폭염 예방 위해 현장행보 | I101: 경찰연합신문 | J101: 45859 | L101: =IFERROR(VLOOKUP(I101,[2]보도매체!$A:$C,2,FALSE), "") -> 13_인터넷포털 | M101: =IFERROR(VLOOKUP(I101,[2]보도매체!$A:$C,3,FALSE), "") -> 0.1
A102: 101 | B102: 8_국립축산과학원 | C102: =#REF! -> #REF! | D102: 0_본원 | E102: 4_가축질병방역과 | F102: 정영훈 | G102: 즉시37 | H102: 충남도 여름철 가축피해 예방 ‘기술지원’ 추진 | I102: 경찰연합신문 | J102: 45859 | L102: =IFERROR(VLOOKUP(I102,[2]보도매체!$A:$C,2,FALSE), "") -> 13_인터넷포털 | M102: =IFERROR(VLOOKUP(I102,[2]보도매체!$A:$C,3,FALSE), "") -> 0.1
A103: 102 | B103: 8_국립축산과학원 | C103: =#REF! -> #REF! | D103: 0_본원 | E103: 3_기술지원과 | F103: 김창한 | G103: 즉시38 | H103: 충남도 여름철 가축피해 예방 ‘기술지원’ 추진 | I103: 경찰연합신문 | J103: 45859 | L103: =IFERROR(VLOOKUP(I103,[2]보도매체!$A:$C,2,FALSE), "") -> 13_인터넷포털 | M103: =IFERROR(VLOOKUP(I103,[2]보도매체!$A:$C,3,FALSE), "") -> 0.1
A104: 103 | B104: 8_국립축산과학원 | C104: =#REF! -> #REF! | D104: 0_본원 | E104: 3_기술지원과 | F104: 이경은 | G104: 즉시39 | H104: 충남도 여름철 가축피해 예방 ‘기술지원’ 추진 | I104: 경찰연합신문 | J104: 45859 | L104: =IFERROR(VLOOKUP(I104,[2]보도매체!$A:$C,2,FALSE), "") -> 13_인터넷포털 | M104: =IFERROR(VLOOKUP(I104,[2]보도매체!$A:$C,3,FALSE), "") -> 0.1
A105: 104 | B105: 8_국립축산과학원 | C105: =#REF! -> #REF! | D105: 2_축산자원개발부 | E105: 6_가금연구센터 | F105: 신승철 | G105: 보도자료73 | H105: 농촌진흥청, ‘우리맛닭’ 삼계탕 한 그릇 여름철 원기 회복에 으뜸 | I105: 경찰연합신문 | J105: 45856 | L105: =IFERROR(VLOOKUP(I105,[2]보도매체!$A:$C,2,FALSE), "") -> 13_인터넷포털 | M105: =IFERROR(VLOOKUP(I105,[2]보도매체!$A:$C,3,FALSE), "") -> 0.1
A106: 105 | B106: 8_국립축산과학원 | C106: =#REF! -> #REF! | D106: 0_본원 | E106: 3_기술지원과 | F106: 이경은 | H106: 포항시, 한우농가 대상 맞춤형 종합 컨설팅···축산농가 경쟁력 제고 | I106: 경찰연합신문 | J106: 45855 | L106: =IFERROR(VLOOKUP(I106,[2]보도매체!$A:$C,2,FALSE), "") -> 13_인터넷포털 | M106: =IFERROR(VLOOKUP(I106,[2]보도매체!$A:$C,3,FALSE), "") -> 0.1
A107: 106 | B107: 8_국립축산과학원 | C107: =#REF! -> #REF! | D107: 0_본원 | E107: 3_기술지원과 | F107: 김창한 | H107: 임실군, 한우 스마트팜 번식관리시스템 보급 시범 추진 | I107: 경찰연합신문 | J107: 45855 | L107: =IFERROR(VLOOKUP(I107,[2]보도매체!$A:$C,2,FALSE), "") -> 13_인터넷포털 | M107: =IFERROR(VLOOKUP(I107,[2]보도매체!$A:$C,3,FALSE), "") -> 0.1
A108: 107 | B108: 8_국립축산과학원 | C108: =#REF! -> #REF! | D108: 1_축산생명환경부 | E108: 5_가축정밀영양과 | F108: 박설화 | G108: 보도자료72 | H108: 농촌진흥청, 메탄저감제 실험기관 건국대 지정 | I108: 경찰연합신문 | J108: 45854 | L108: =IFERROR(VLOOKUP(I108,[2]보도매체!$A:$C,2,FALSE), "") -> 13_인터넷포털 | M108: =IFERROR(VLOOKUP(I108,[2]보도매체!$A:$C,3,FALSE), "") -> 0.1
A109: 108 | B109: 8_국립축산과학원 | C109: =#REF! -> #REF! | D109: 1_축산생명환경부 | E109: 3_축산푸드테크과 | F109: 이은선 | G109: 보도자료79 | H109: 여름철 달걀 보관, “반드시 냉장고에”...살모넬라균 억제 확인 | I109: 인더스트리뉴스 | J109: 45880 | L109: =IFERROR(VLOOKUP(I109,[2]보도매체!$A:$C,2,FALSE), "") -> 13_인터넷포털 | M109: =IFERROR(VLOOKUP(I109,[2]보도매체!$A:$C,3,FALSE), "") -> 0.1
...

Sheet Sheet2
A3: 행 레이블
A4: 1_기획조정과
A5: 2_운영지원과
A6: 3_기술지원과
A7: 4_가축질병방역과
A8: 1_동물바이오공학과
A9: 2_동물유전체과
A10: 3_축산물이용과
A11: 4_축산환경과
A12: 5_영양생리팀
A13: 6_동물복지연구팀
A14: 1_가축개량평가과
... A22: 총합계

Sheet 양식
B2: 번호 | C2: 소속기관 | D2: 소속부 | E2: 소속부서 | F2: 구분
B3: 1 | C3: 8_국립축산과학원 | D3: 0_본원 | E3: 1_기획조정과
B4: 2 | C4: 8_국립축산과학원 | D4: 0_본원 | E4: 2_운영지원과
B5: 3 | C5: 8_국립축산과학원 | D5: 0_본원 | E5: 3_기술지원과
B6: 4 | C6: 8_국립축산과학원 | D6: 0_본원 | E6: 4_가축질병방역과
B7: 5 | C7: 8_국립축산과학원 | D7: 0_본원 | E7: 5_가축유전자원센터
B8: 6 | C8: 8_국립축산과학원 | D8: 0_본원 | E8: 6_한우연구소
B9: 7 | C9: 8_국립축산과학원 | D9: 0_본원 | E9: 7_가금연구소
B10: 8 | C10: 8_국립축산과학원 | D10: 0_본원 | E10: 8_난지축산연구소
B11: 9 | C11: 8_국립축산과학원 | D11: 1_축산생명환경부 | E11: 1_동물바이오공학과
B12: 10 | C12: 8_국립축산과학원 | D12: 1_축산생명환경부 | E12: 2_동물유전체과
B13: 11 | C13: 8_국립축산과학원 | D13: 1_축산생명환경부 | E13: 3_축산물이용과
B14: 12 | C14: 8_국립축산과학원 | D14: 1_축산생명환경부 | E14: 4_축산환경과
... B20: 18 | C20: 8_국립축산과학원 | D20: 2_축산자원개발부 | E20: 4_초지사료과
B21: 19
B22: 20
B23: 21
B24: 22
A26: 2019.04. 평가지표 번호 변동
B27: 01_TV-중앙
B28: 02_TV-지방 | C28: 02_TV-케이블중앙 | D28: 02_TV-종합편성채널
B29: 03_TV-케이블지방
B30: 04_기타(DMB,IPTV)
B31: 05_라디오-중앙
B32: 06_라디오-지방
B33: 07_중앙일간지
B34: 08_기타일간지 | C34: 08_스포츠신문
B35: 09_농업전문지 | C35: 09_지방일간지
B36: 10_월간지 | C36: 10_주간지 | D36: 10_무가지 | E36: 10_기타전문지 | F36: 10_기타월간지
B37: 11_기타(지역주간지)
B38: 12_대한민국 정책포털(korea.kr)
B39: 13_인터넷포털
B40: 14_해외홍보(TV,라디오,신문,잡지)
A41: 기고
B42: 15_중앙일간지
B43: 16_기타일간지 | C43: 16_스포츠신문
B44: 17_농업전문지 | C44: 17_지방일간지
B45: 18_월간지 | C45: 18_주간지 | D45: 18_무가지 | E45: 18_기타전문지 | F45: 18_기타월간지
B46: 19_기타(지역주간지)
B47: 20_대한민국 정책포털(korea.kr) 기고
B48: 21_인터넷포털
B49: 22_해외홍보(신문,잡지)
B51: 23_동영상 콘텐츠 포스팅
B52: 24_이미지 콘텐츠 포스팅
B53: 25_네이버팜(텍스트 콘텐츠 포스팅) | C53: 25-1_네이버팜(유튜브)
B54: 26_농업기술동영상 포스팅(농사로)
B55: 27_농업기술 큐레이션 포스팅(농사료)
B56: 28_농업기술정보 포스팅(농사로)
B57: 29_원고집필(그린매거진, 농업기술)

Sheet 보도매체
A1: 보도매체 | B1: 구분 1 | C1: 구분 2(점수)
A2: 아주경제 | B2: 07_중앙일간지 | C2: 5
A3: 서울신문 | B3: 07_중앙일간지 | C3: 5
A4: 한겨레신문 | B4: 07_중앙일간지 | C4: 5
A5: 국민일보 | B5: 07_중앙일간지 | C5: 5
A6: 연합뉴스 | B6: 07_중앙일간지 | C6: 5
A7: 파이낸셜뉴스 | B7: 07_중앙일간지 | C7: 5
A8: 헤럴드경제 | B8: 07_중앙일간지 | C8: 5
A9: KBS 라디오 | B9: 05_라디오-중앙 | C9: 3
A10: SBS 라디오 | B10: 05_라디오-중앙 | C10: 3
A11: BBS 라디오 | B11: 05_라디오-중앙 | C11: 3
A12: 아시아타임즈 | B12: 08_기타일간지 | C12: 2
A13: 아시아일보 | B13: 08_기타일간지 | C13: 2
... A674: KPI뉴스 | B674: 13_인터넷포털 | C674: 0.1

Sheet 소속부서
A1: 소속부서 | B1: 소속부
A2: 1_기획조정과 | B2: 0_본원
A3: 2_운영지원과 | B3: 0_본원
A4: 3_기술지원과 | B4: 0_본원
A5: 4_가축질병방역과 | B5: 0_본원
A6: 5_가축유전자원센터 | B6: 0_본원
A7: 6_축산자원개발부이전추진팀 | B7: 0_본원
A8: 1_동물바이오유전체과 | B8: 1_축산생명환경부
A9: 2_동물유전체과 | B9: 1_축산생명환경부
A10: 3_축산푸드테크과 | B10: 1_축산생명환경부
A11: 4_스마트축산환경과 | B11: 1_축산생명환경부
A12: 5_가축정밀영양과 | B12: 1_축산생명환경부
... A20: 7_난지축산연구센터 | B20: 2_축산자원개발부
