Workbook

Sheet 2022년 누적시트
A1: 번호 | B1: 소속기관 | C1: 소속부서(복사) | D1: 소속부 | E1: 소속부서 | F1: 담당자 | G1: 보도관련 | H1: 제 목 | I1: 보도매체 | J1: 게재일 | K1: 면 | L1: 구분 1 | M1: 구분 2(점수) | N1: 스크랩일
A2: 1 | B2: 8_국립축산과학원 | C2: =E2 -> 4_조사료생산시스템과 | D2: 2_축산자원개발부 | E2: 4_조사료생산시스템과 | F2: 박형수 | G2: 보도자료81 | H2: 국립축산과학원, ‘사료피 신품종 현장 평가 및 수확 연시회’ 개최 | I2: 농축환경신문 | J2: 45880 | K2: 6 | L2: =IFERROR(VLOOKUP(I2,보도매체!$A:$C,2,FALSE), "") -> 09_농업전문지 | M2: =IFERROR(VLOOKUP(I2,보도매체!$A:$C,3,FALSE), "") -> 1.5
A3: 2 | B3: 8_국립축산과학원 | C3: =E3 -> 1_가축개량평가과 | D3: 2_축산자원개발부 | E3: 1_가축개량평가과 | F3: 성하승 | G3: 보도자료76 | H3: 농진청, ‘한우 교배계획 길라잡이 제38호’ 보급 시작 | I3: 농축환경신문 | J3: 45880 | K3: 6 | L3: =IFERROR(VLOOKUP(I3,보도매체!$A:$C,2,FALSE), "") -> 09_농업전문지 | M3: =IFERROR(VLOOKUP(I3,보도매체!$A:$C,3,FALSE), "") -> 1.5
A4: 3 | B4: 8_국립축산과학원 | C4: =E4 -> 3_축산푸드테크과 | D4: 1_축산생명환경부 | E4: 3_축산푸드테크과 | F4: 강선문 | G4: 보도자료78 | H4: 영양 풍부 여름철 보양식 고단백·저지방 칼슘 풍부 체력보강·기력 회복 효과 | I4: 축산경제신문 | J4: 45887 | K4: 4 | L4: =IFERROR(VLOOKUP(I4,보도매체!$A:$C,2,FALSE), "") -> 09_농업전문지 | M4: =IFERROR(VLOOKUP(I4,보도매체!$A:$C,3,FALSE), "") -> 1.5
A5: 4 | B5: 8_국립축산과학원 | C5: =E5 -> 1_가축개량평가과 | D5: =IFERROR(VLOOKUP(C5,소속부서!$A$2:$B$20,2,FALSE), "") -> 2_축산자원개발부 | E5: 1_가축개량평가과 | F5: 박병호 | H5: 한우 유전체 분석 사업 현장과 함께 개량 가속 | I5: 축산경제신문 | J5: 45887 | K5: 1 | L5: =IFERROR(VLOOKUP(I5,보도매체!$A:$C,2,FALSE), "") -> 09_농업전문지 | M5: =IFERROR(VLOOKUP(I5,보도매체!$A:$C,3,FALSE), "") -> 1.5
A6: 5 | B6: 8_국립축산과학원 | C6: =E6 -> 5_가축유전자원센터 | D6: 0_본원 | E6: 5_가축유전자원센터 | F6: 김승창 | G6: 즉시53 | H6: 축과원, ‘가축 유전자 검사 국제 인증’ 받아 | I6: 농축유통신문 | J6: 45889 | L6: =IFERROR(VLOOKUP(I6,보도매체!$A:$C,2,FALSE), "") -> 09_농업전문지 | M6: =IFERROR(VLOOKUP(I6,보도매체!$A:$C,3,FALSE), "") -> 1.5
A7: 6 | B7: 8_국립축산과학원 | C7: =E7 -> 5_가축유전자원센터 | D7: 0_본원 | E7: 5_가축유전자원센터 | F7: 김승창 | G7: 즉시53 | H7: 축과원 가축유전자원센터, 국내 첫 DNA 공인시험기관으로 인정 | I7: 농민신문 | J7: 45890 | L7: =IFERROR(VLOOKUP(I7,보도매체!$A:$C,2,FALSE), "") -> 09_농업전문지 | M7: =IFERROR(VLOOKUP(I7,보도매체!$A:$C,3,FALSE), "") -> 1.5
A8: 7 | B8: 8_국립축산과학원 | C8: =E8 -> 6_동물복지과 | D8: 1_축산생명환경부 | E8: 6_동물복지과 | F8: 김찬호 | G8: 보도자료80 | H8: 가축더위지수 연동 제어 기술, 산란계 보호 효과 ‘톡톡’ | I8: 농축유통신문 | J8: 45890 | L8: =IFERROR(VLOOKUP(I8,보도매체!$A:$C,2,FALSE), "") -> 09_농업전문지 | M8: =IFERROR(VLOOKUP(I8,보도매체!$A:$C,3,FALSE), "") -> 1.5
A9: 8 | B9: 8_국립축산과학원 | C9: =E9 -> 5_가축정밀영양과 | D9: 1_축산생명환경부 | E9: 5_가축정밀영양과 | F9: 강환구 | G9: 즉시54 | H9: 농진청, 사료산업 발전 기술협력 강화 | I9: 농축유통신문 | J9: 45890 | L9: =IFERROR(VLOOKUP(I9,보도매체!$A:$C,2,FALSE), "") -> 09_농업전문지 | M9: =IFERROR(VLOOKUP(I9,보도매체!$A:$C,3,FALSE), "") -> 1.5
A10: 9 | B10: 8_국립축산과학원 | C10: =E10 -> 3_축산푸드테크과 | D10: =IFERROR(VLOOKUP(C10,소속부서!$A$2:$B$20,2,FALSE), "") -> 1_축산생명환경부 | E10: 3_축산푸드테크과 | F10: 강선문 | H10: 2025년 한우 수출액 25억...시장 넓힌다 [농어촌이 미래다-그린 라이프] | I10: 세계일보 | J10: 45891 | L10: =IFERROR(VLOOKUP(I10,보도매체!$A:$C,2,FALSE), "") -> 07_중앙일간지 | M10: =IFERROR(VLOOKUP(I10,보도매체!$A:$C,3,FALSE), "") -> 5
A11: 10 | B11: 8_국립축산과학원 | C11: =E11 -> 2_낙농과 | D11: 2_축산자원개발부 | E11: 2_낙농과 | F11: 박성민 | G11: 즉시52 | H11: ‘국산 로봇착유기’ 대만 수출···세계 시장 진출 발판 | I11: 한국농기자재산업 | J11: 45885 | K11: 11 | L11: =IFERROR(VLOOKUP(I11,보도매체!$A:$C,2,FALSE), "") -> 09_농업전문지 | M11: =IFERROR(VLOOKUP(I11,보도매체!$A:$C,3,FALSE), "") -> 1.5
A12: 11 | B12: 8_국립축산과학원 | C12: =E12 -> 4_조사료생산시스템과 | D12: 2_축산자원개발부 | E12: 4_조사료생산시스템과 | F12: 고하늘 | H12: 경주시, 외동 건초생산 사업장 개소···연간 5천톤 자급 체계 구축 | I12: 검찰연합일보 | J12: 45774 | L12: =IFERROR(VLOOKUP(I12,보도매체!$A:$C,2,FALSE), "") -> 13_인터넷포털 | M12: =IFERROR(VLOOKUP(I12,보도매체!$A:$C,3,FALSE), "") -> 0.1
A13: 12 | B13: 8_국립축산과학원 | C13: =E13 -> 3_기술지원과 | D13: =IFERROR(VLOOKUP(C13,소속부서!$A$2:$B$20,2,FALSE), "") -> 0_본원 | E13: 3_기술지원과 | F13: 이경은 | H13: 국립축산과학원, 연천군 한우농가 축사로 사용자 교육 실시 | I13: 검찰연합일보 | J13: 45776 | L13: =IFERROR(VLOOKUP(I13,보도매체!$A:$C,2,FALSE), "") -> 13_인터넷포털 | M13: =IFERROR(VLOOKUP(I13,보도매체!$A:$C,3,FALSE), "") -> 0.1
A14: 13 | B14: 8_국립축산과학원 | C14: =E14 -> 3_기술지원과 | D14: 0_본원 | E14: 3_기술지원과 | F14: 이승인 | G14: 보도자료42 | H14: 농촌진흥청, 2025년도 가축인공수정사 면허시험 시행계획 공고 | I14: 검찰연합일보 | J14: 45778 | L14: =IFERROR(VLOOKUP(I14,보도매체!$A:$C,2,FALSE), "") -> 13_인터넷포털 | M14: =IFERROR(VLOOKUP(I14,보도매체!$A:$C,3,FALSE), "") -> 0.1
A15: 14 | B15: 8_국립축산과학원 | C15: =E15 -> 2_운영지원과 | D15: 0_본원 | E15: 2_운영지원과 | F15: 전승일 | H15: 청송군, 산불 피해농고 일손돕기 적극 추진 | I15: 검찰연합일보 | J15: 45783 | L15: =IFERROR(VLOOKUP(I15,보도매체!$A:$C,2,FALSE), "") -> 13_인터넷포털 | M15: =IFERROR(VLOOKUP(I15,보도매체!$A:$C,3,FALSE), "") -> 0.1
A16: 15 | B16: 8_국립축산과학원 | C16: =E16 -> 4_조사료생산시스템과 | D16: 2_축산자원개발부 | E16: 4_조사료생산시스템과 | F16: 박형수 | G16: 보도자료81 | H16: 농촌진흥청, 논 재배용 사료피 신품종 ‘조온’·‘다온’ 개발 | I16: 검찰연합일보 | J16: 45790 | L16: =IFERROR(VLOOKUP(I16,보도매체!$A:$C,2,FALSE), "") -> 13_인터넷포털 | M16: =IFERROR(VLOOKUP(I16,보도매체!$A:$C,3,FALSE), "") -> 0.1
A17: 16 | B17: 8_국립축산과학원 | C17: =E17 -> 5_가축정밀영양과 | D17: 1_축산생명환경부 | E17: 5_가축정밀영양과 | F17: 이성신 | G17: 보도자료46 | H17: 농촌진흥청, 저메탄 사료 소재 개발 탄소중립 축산 실현 ‘첫걸음’ | I17: 검찰연합일보 | J17: 45792 | L17: =IFERROR(VLOOKUP(I17,보도매체!$A:$C,2,FALSE), "") -> 13_인터넷포털 | M17: =IFERROR(VLOOKUP(I17,보도매체!$A:$C,3,FALSE), "") -> 0.1
A18: 17 | B18: 8_국립축산과학원 | C18: =E18 -> 4_스마트축산환경과 | D18: =IFERROR(VLOOKUP(C18,소속부서!$A$2:$B$20,2,FALSE), "") -> 1_축산생명환경부 | E18: 4_스마트축산환경과 | F18: 김병현 | G18: 보도자료47 | H18: 농촌진흥청, 무더위 성큼 축사 냉방·환기시설 미리 점검하세요 | I18: 검찰연합일보 | J18: 45793 | L18: =IFERROR(VLOOKUP(I18,보도매체!$A:$C,2,FALSE), "") -> 13_인터넷포털 | M18: =IFERROR(VLOOKUP(I18,보도매체!$A:$C,3,FALSE), "") -> 0.1
A19: 18 | B19: 8_국립축산과학원 | C19: =E19 -> 7_난지축산연구센터 | D19: =IFERROR(VLOOKUP(C19,소속부서!$A$2:$B$20,2,FALSE), "") -> 2_축산자원개발부 | E19: 7_난지축산연구센터 | F19: 조인철 | G19: 즉시26 | H19: 경상남도농업기술원,‘난축맛돈’ 육지 상륙! 새로운 도전이 시작된다 | I19: 검찰연합일보 | J19: 45798 | L19: =IFERROR(VLOOKUP(I19,보도매체!$A:$C,2,FALSE), "") -> 13_인터넷포털 | M19: =IFERROR(VLOOKUP(I19,보도매체!$A:$C,3,FALSE), "") -> 0.1
A20: 19 | B20: 8_국립축산과학원 | C20: =E20 -> 2_낙농과 | D20: 2_축산자원개발부 | E20: 2_낙농과 | F20: 이지환 | H20: 임실군, 임실N치즈 프리미엄화 발판 마련 | I20: 검찰연합일보 | J20: 45803 | L20: =IFERROR(VLOOKUP(I20,보도매체!$A:$C,2,FALSE), "") -> 13_인터넷포털 | M20: =IFERROR(VLOOKUP(I20,보도매체!$A:$C,3,FALSE), "") -> 0.1
A21: 20 | B21: 8_국립축산과학원 | D21: 0_본원 | E21: 3_기술지원과 | F21: 김정현 | G21: 보도자료49 | H21: 농촌진흥청, 폭염 속 가축 건강 챙긴다···축종별 대응 요령은? | I21: 검찰연합일보 | J21: 45805 | L21: =IFERROR(VLOOKUP(I21,보도매체!$A:$C,2,FALSE), "") -> 13_인터넷포털 | M21: =IFERROR(VLOOKUP(I21,보도매체!$A:$C,3,FALSE), "") -> 0.1
A22: 21 | B22: 8_국립축산과학원 | D22: 2_축산자원개발부 | E22: 2_낙농과 | F22: 허태영 | G22: 보도자료50 | H22: 농촌진흥청, 폭염 속 가축 건강 챙긴다···축종별 대응 요령은? | I22: 검찰연합일보 | J22: 45805 | L22: =IFERROR(VLOOKUP(I22,보도매체!$A:$C,2,FALSE), "") -> 13_인터넷포털 | M22: =IFERROR(VLOOKUP(I22,보도매체!$A:$C,3,FALSE), "") -> 0.1
A23: 22 | B23: 8_국립축산과학원 | D23: 2_축산자원개발부 | E23: 3_양돈과 | F23: 김조은 | G23: 보도자료51 | H23: 농촌진흥청, 폭염 속 가축 건강 챙긴다···축종별 대응 요령은? | I23: 검찰연합일보 | J23: 45805 | L23: =IFERROR(VLOOKUP(I23,보도매체!$A:$C,2,FALSE), "") -> 13_인터넷포털 | M23: =IFERROR(VLOOKUP(I23,보도매체!$A:$C,3,FALSE), "") -> 0.1
A24: 23 | B24: 8_국립축산과학원 | C24: =E24 -> 6_가금연구센터 | D24: 2_축산자원개발부 | E24: 6_가금연구센터 | F24: 홍의철 | G24: 보도자료52 | H24: 농촌진흥청, 폭염 속 가축 건강 챙긴다···축종별 대응 요령은? | I24: 검찰연합일보 | J24: 45805 | L24: =IFERROR(VLOOKUP(I24,보도매체!$A:$C,2,FALSE), "") -> 13_인터넷포털 | M24: =IFERROR(VLOOKUP(I24,보도매체!$A:$C,3,FALSE), "") -> 0.1
A25: 24 | B25: 8_국립축산과학원 | C25: =E25 -> 4_스마트축산환경과 | D25: 1_축산생명환경부 | E25: 4_스마트축산환경과 | F25: 이동준 | H25: 전북자치도, 고질 악취에 정책 중심 종합대책 가동 | I25: 검찰연합일보 | J25: 45805 | L25: =IFERROR(VLOOKUP(I25,보도매체!$A:$C,2,FALSE), "") -> 13_인터넷포털 | M25: =IFERROR(VLOOKUP(I25,보도매체!$A:$C,3,FALSE), "") -> 0.1
A26: 25 | B26: 8_국립축산과학원 | C26: =E26 -> 4_조사료생산시스템과 | D26: 2_축산자원개발부 | E26: 4_조사료생산시스템과 | F26: 우제훈 | G26: 즉시31 | H26: 농촌진흥청, 국가대표 풀사료 ‘이탈리안 라이그라스’ 씨앗부터 건초까지 전 과정 국산 기술로 완성 | I26: 검찰연합일보 | J26: 45806 | L26: =IFERROR(VLOOKUP(I26,보도매체!$A:$C,2,FALSE), "") -> 13_인터넷포털 | M26: =IFERROR(VLOOKUP(I26,보도매체!$A:$C,3,FALSE), "") -> 0.1
A27: 26 | B27: 8_국립축산과학원 | C27: =E27 -> 4_스마트축산환경과 | D27: 1_축산생명환경부 | E27: 4_스마트축산환경과 | F27: 이동준 | G27: 보도자료54 | H27: 농촌진흥청, 고체연료용 가축분뇨 축사 내 3개월 저장이 가장 적절 | I27: 검찰연합일보 | J27: 45807 | L27: =IFERROR(VLOOKUP(I27,보도매체!$A:$C,2,FALSE), "") -> 13_인터넷포털 | M27: =IFERROR(VLOOKUP(I27,보도매체!$A:$C,3,FALSE), "") -> 0.1
A28: 27 | B28: 8_국립축산과학원 | C28: =E28 -> 4_조사료생산시스템과 | D28: 2_축산자원개발부 | E28: 4_조사료생산시스템과 | F28: 정종성 | H28: 고성군, 알팔파 생산 시스템 구축 | I28: 검찰연합일보 | J28: 45807 | L28: =IFERROR(VLOOKUP(I28,보도매체!$A:$C,2,FALSE), "") -> 13_인터넷포털 | M28: =IFERROR(VLOOKUP(I28,보도매체!$A:$C,3,FALSE), "") -> 0.1
A29: 28 | B29: 8_국립축산과학원 | C29: =E29 -> 3_기술지원과 | D29: 0_본원 | E29: 3_기술지원과 | F29: 이승인 | G29: 보도자료56 | H29: 농촌진흥청, 스마트 축산농장 기록관리 경연대회 참가자 모집 | I29: 검찰연합일보 | J29: 45810 | L29: =IFERROR(VLOOKUP(I29,보도매체!$A:$C,2,FALSE), "") -> 13_인터넷포털 | M29: =IFERROR(VLOOKUP(I29,보도매체!$A:$C,3,FALSE), "") -> 0.1
A30: 29 | B30: 8_국립축산과학원 | C30: =E30 -> 4_조사료생산시스템과 | D30: 2_축산자원개발부 | E30: 4_조사료생산시스템과 | F30: 고하늘 | G30: 보도자료57 | H30: 농촌진흥청, 여름 장마 대비 사료작물 안정 생산 조건은? | I30: 검찰연합일보 | J30: 45812 | L30: =IFERROR(VLOOKUP(I30,보도매체!$A:$C,2,FALSE), "") -> 13_인터넷포털 | M30: =IFERROR(VLOOKUP(I30,보도매체!$A:$C,3,FALSE), "") -> 0.1
A31: 30 | B31: 8_국립축산과학원 | C31: =E31 -> 6_축산자원개발부이전추진팀 | D31: =IFERROR(VLOOKUP(C31,소속부서!$A$2:$B$20,2,FALSE), "") -> 0_본원 | E31: 6_축산자원개발부이전추진팀 | F31: 임은아 | H31: 천안 축산자원개발부 이전·국가산단 유치기념탑 준공 | I31: 검찰연합일보 | J31: 45817 | L31: =IFERROR(VLOOKUP(I31,보도매체!$A:$C,2,FALSE), "") -> 13_인터넷포털 | M31: =IFERROR(VLOOKUP(I31,보도매체!$A:$C,3,FALSE), "") -> 0.1
A32: 31 | B32: 8_국립축산과학원 | C32: =E32 -> 4_스마트축산환경과 | D32: 1_축산생명환경부 | E32: 4_스마트축산환경과 | F32: 장동화 | G32: 보도자료58 | H32: 농촌진흥청, 여름철 축사 화재·정전 피해 각별하게 주의해야 | I32: 검찰연합일보 | J32: 45818 | L32: =IFERROR(VLOOKUP(I32,보도매체!$A:$C,2,FALSE), "") -> 13_인터넷포털 | M32: =IFERROR(VLOOKUP(I32,보도매체!$A:$C,3,FALSE), "") -> 0.1
A33: 32 | B33: 8_국립축산과학원 | C33: =E33 -> 3_기술지원과 | D33: =IFERROR(VLOOKUP(C33,소속부서!$A$2:$B$20,2,FALSE), "") -> 0_본원 | E33: 3_기술지원과 | F33: 이경은 | H33: “한우농가 살리자”···정읍시, 전문가 컨설팅으로 맞춤형 지원 | I33: 검찰연합일보 | J33: 45819 | L33: =IFERROR(VLOOKUP(I33,보도매체!$A:$C,2,FALSE), "") -> 13_인터넷포털 | M33: =IFERROR(VLOOKUP(I33,보도매체!$A:$C,3,FALSE), "") -> 0.1
A34: 33 | B34: 8_국립축산과학원 | C34: =E34 -> 3_기술지원과 | D34: =IFERROR(VLOOKUP(C34,소속부서!$A$2:$B$20,2,FALSE), "") -> 0_본원 | E34: 3_기술지원과 | F34: 김창한 | H34: [청년농부] ‘갓 짜낸 우유’만...10년째 지켜온 청년농부의 고집 | I34: YTN | J34: 45893 | L34: =IFERROR(VLOOKUP(I34,보도매체!$A:$C,2,FALSE), "") -> 02_TV-케이블중앙 | M34: =IFERROR(VLOOKUP(I34,보도매체!$A:$C,3,FALSE), "") -> 4
A35: 34 | B35: 8_국립축산과학원 | C35: =E35 -> 5_가축유전자원센터 | D35: 0_본원 | E35: 5_가축유전자원센터 | F35: 김관우 | H35: 염소 신품종 육종 위해 해외 생축 반입 늘어나야 | I35: 농수축산신문 | J35: 45891 | K35: 12 | L35: =IFERROR(VLOOKUP(I35,보도매체!$A:$C,2,FALSE), "") -> 09_농업전문지 | M35: =IFERROR(VLOOKUP(I35,보도매체!$A:$C,3,FALSE), "") -> 1.5
A36: 35 | B36: 8_국립축산과학원 | C36: =E36 -> 6_동물복지과 | D36: 1_축산생명환경부 | E36: 6_동물복지과 | F36: 김찬호 | G36: 보도자료80 | H36: 가축더위지수 연동 자동제어 기술, 산란계 폐사율 감소 | I36: 농수축산신문 | J36: 45891 | K36: 14 | L36: =IFERROR(VLOOKUP(I36,보도매체!$A:$C,2,FALSE), "") -> 09_농업전문지 | M36: =IFERROR(VLOOKUP(I36,보도매체!$A:$C,3,FALSE), "") -> 1.5
A37: 36 | B37: 8_국립축산과학원 | C37: =E37 -> 6_동물복지과 | D37: 1_축산생명환경부 | E37: 6_동물복지과 | F37: 김찬호 | G37: 보도자료80 | H37: 가축더위지수 자동제어 기술, 산란계 보호 효과 입증 | I37: 축산신문 | J37: 45891 | K37: 9 | L37: =IFERROR(VLOOKUP(I37,보도매체!$A:$C,2,FALSE), "") -> 09_농업전문지 | M37: =IFERROR(VLOOKUP(I37,보도매체!$A:$C,3,FALSE), "") -> 1.5
A38: 37 | B38: 8_국립축산과학원 | C38: =E38 -> 5_가축유전자원센터 | D38: 0_본원 | E38: 5_가축유전자원센터 | F38: 김승창 | G38: 즉시53 | H38: 가축 유전자 검사 국제 인증 획득 | I38: 축산신문 | J38: 45891 | K38: 3 | L38: =IFERROR(VLOOKUP(I38,보도매체!$A:$C,2,FALSE), "") -> 09_농업전문지 | M38: =IFERROR(VLOOKUP(I38,보도매체!$A:$C,3,FALSE), "") -> 1.5
A39: 38 | B39: 8_국립축산과학원 | C39: =E39 -> 6_동물복지과 | D39: 1_축산생명환경부 | E39: 6_동물복지과 | F39: 김찬호 | G39: 보도자료80 | H39: ‘이 지수’ 따라 냉수 자동공급···‘산란계’ 고온스트레스 잡는다 | I39: 농민신문 | J39: 45891 | L39: =IFERROR(VLOOKUP(I39,보도매체!$A:$C,2,FALSE), "") -> 09_농업전문지 | M39: =IFERROR(VLOOKUP(I39,보도매체!$A:$C,3,FALSE), "") -> 1.5
A40: 39 | B40: 8_국립축산과학원 | C40: =E40 -> 5_가축유전자원센터 | D40: 0_본원 | E40: 5_가축유전자원센터 | F40: 김승창 | G40: 즉시53 | H40: 축산원, 가축유전정보 검사기관 등록 | I40: 축산경제신문 | J40: 45891 | L40: =IFERROR(VLOOKUP(I40,보도매체!$A:$C,2,FALSE), "") -> 09_농업전문지 | M40: =IFERROR(VLOOKUP(I40,보도매체!$A:$C,3,FALSE), "") -> 1.5
A41: 40 | B41: 8_국립축산과학원 | C41: =E41 -> 3_축산푸드테크과 | D41: =IFERROR(VLOOKUP(C41,소속부서!$A$2:$B$20,2,FALSE), "") -> 1_축산생명환경부 | E41: 3_축산푸드테크과 | F41: 배인선 | H41: [축산 바로알리기] 토끼고기 | I41: 축산경제신문 | J41: 45891 | L41: =IFERROR(VLOOKUP(I41,보도매체!$A:$C,2,FALSE), "") -> 09_농업전문지 | M41: =IFERROR(VLOOKUP(I41,보도매체!$A:$C,3,FALSE), "") -> 1.5
A42: 41 | B42: 8_국립축산과학원 | C42: =E42 -> 5_가축정밀영양과 | D42: 1_축산생명환경부 | E42: 5_가축정밀영양과 | F42: 강환구 | G42: 즉시54 | H42: 축산과학원·천하제일, 업무협약 체결 | I42: 축산경제신문 | J42: 45891 | L42: =IFERROR(VLOOKUP(I42,보도매체!$A:$C,2,FALSE), "") -> 09_농업전문지 | M42: =IFERROR(VLOOKUP(I42,보도매체!$A:$C,3,FALSE), "") -> 1.5
A43: 42 | B43: 8_국립축산과학원 | C43: =E43 -> 5_가축정밀영양과 | D43: 1_축산생명환경부 | E43: 5_가축정밀영양과 | F43: 강환구 | G43: 즉시54 | H43: 농촌진흥청·제일사료, 국내 사료산업 발전에 맞손 | I43: 한국영농신문 | J43: 45892 | L43: =IFERROR(VLOOKUP(I43,보도매체!$A:$C,2,FALSE), "") -> 09_농업전문지 | M43: =IFERROR(VLOOKUP(I43,보도매체!$A:$C,3,FALSE), "") -> 1.5
A44: 43 | B44: 8_국립축산과학원 | C44: =E44 -> 5_가축유전자원센터 | D44: 0_본원 | E44: 5_가축유전자원센터 | F44: 김승창 | G44: 즉시53 | H44: 국립축산과학원, ‘가축 유전자 검사 국제 인증’ 받았다 | I44: 한국영농신문 | J44: 45892 | L44: =IFERROR(VLOOKUP(I44,보도매체!$A:$C,2,FALSE), "") -> 09_농업전문지 | M44: =IFERROR(VLOOKUP(I44,보도매체!$A:$C,3,FALSE), "") -> 1.5
A45: 44 | B45: 8_국립축산과학원 | C45: =E45 -> 4_스마트축산환경과 | D45: =IFERROR(VLOOKUP(C45,소속부서!$A$2:$B$20,2,FALSE), "") -> 1_축산생명환경부 | E45: 4_스마트축산환경과 | F45: 김재은 | H45: 경희대, 탄소중립 위한 농업·임업·기타 토지 이용(AFOLU)부문 전문가 워크숍 개최 | I45: 스마트경제 | J45: 45893 | L45: =IFERROR(VLOOKUP(I45,보도매체!$A:$C,2,FALSE), "") -> 13_인터넷포털 | M45: =IFERROR(VLOOKUP(I45,보도매체!$A:$C,3,FALSE), "") -> 0.1
A46: 45 | B46: 8_국립축산과학원 | C46: =E46 -> 4_스마트축산환경과 | D46: 1_축산생명환경부 | E46: 4_스마트축산환경과 | F46: 김재은 | H46: 경희대, 28일 농업·임업 및 기타 토지 이용 부문 전문가 워크숍 열어 | I46: 뉴시스 | J46: 45894 | L46: =IFERROR(VLOOKUP(I46,보도매체!$A:$C,2,FALSE), "") -> 07_중앙일간지 | M46: =IFERROR(VLOOKUP(I46,보도매체!$A:$C,3,FALSE), "") -> 5
A47: 46 | B47: 8_국립축산과학원 | C47: =E47 -> 4_스마트축산환경과 | D47: 1_축산생명환경부 | E47: 4_스마트축산환경과 | F47: 김재은 | H47: 경희대, AFOLU 부문 탄소중립 전문가 워크숍 개최 | I47: 핀포인트뉴스 | J47: 45894 | L47: =IFERROR(VLOOKUP(I47,보도매체!$A:$C,2,FALSE), "") -> 13_인터넷포털 | M47: =IFERROR(VLOOKUP(I47,보도매체!$A:$C,3,FALSE), "") -> 0.1
A48: 47 | B48: 8_국립축산과학원 | C48: =E48 -> 4_스마트축산환경과 | D48: 1_축산생명환경부 | E48: 4_스마트축산환경과 | F48: 김재은 | H48: 경희대, 탄소중립 위한 농업·임업 및 기타 토지 이용(AFOLU) 부문 전문가 워크숍 개최 | I48: 중앙이코노미뉴스 | J48: 45894 | L48: =IFERROR(VLOOKUP(I48,보도매체!$A:$C,2,FALSE), "") -> 13_인터넷포털 | M48: =IFERROR(VLOOKUP(I48,보도매체!$A:$C,3,FALSE), "") -> 0.1
A49: 48 | B49: 8_국립축산과학원 | C49: =E49 -> 4_스마트축산환경과 | D49: 1_축산생명환경부 | E49: 4_스마트축산환경과 | F49: 김재은 | H49: 경희대, 28일 농업·임업 및 기타 토지 이용 부문 전문가 워크숍 열어 | I49: 와이드경제 | J49: 45894 | L49: =IFERROR(VLOOKUP(I49,보도매체!$A:$C,2,FALSE), "") -> 13_인터넷포털 | M49: =IFERROR(VLOOKUP(I49,보도매체!$A:$C,3,FALSE), "") -> 0.1
A50: 49 | B50: 8_국립축산과학원 | C50: =E50 -> 3_양돈과 | D50: =IFERROR(VLOOKUP(C50,소속부서!$A$2:$B$20,2,FALSE), "") -> 2_축산자원개발부 | E50: 3_양돈과 | F50: 백선영 | G50: 보도자료83 | H50: 농진청 “여름철 돼지 인공수정용 액상정액 위생관리 철저히” | I50: 뉴시스 | J50: 45894 | L50: =IFERROR(VLOOKUP(I50,보도매체!$A:$C,2,FALSE), "") -> 07_중앙일간지 | M50: =IFERROR(VLOOKUP(I50,보도매체!$A:$C,3,FALSE), "") -> 5
A51: 50 | B51: 8_국립축산과학원 | C51: =E51 -> 4_스마트축산환경과 | D51: 1_축산생명환경부 | E51: 4_스마트축산환경과 | F51: 김재은 | H51: 경희대, AFOLU 탄소 수지 평가 고도화 워크숍 개최...정책·MRV 개선 논의 | I51: 뉴스티앤티 | J51: 45894 | L51: =IFERROR(VLOOKUP(I51,보도매체!$A:$C,2,FALSE), "") -> 11_기타(지역주간지) | M51: =IFERROR(VLOOKUP(I51,보도매체!$A:$C,3,FALSE), "") -> 0.5
A52: 51 | B52: 8_국립축산과학원 | C52: =E52 -> 4_조사료생산시스템과 | D52: =IFERROR(VLOOKUP(C52,소속부서!$A$2:$B$20,2,FALSE), "") -> 2_축산자원개발부 | E52: 4_조사료생산시스템과 | F52: 고하늘 | H52: 농협 축산경제, ‘논 하계조사료 생산·유통 및 품질관리 교육’ 실시 | I52: 팜인사이트 | J52: 45894 | L52: =IFERROR(VLOOKUP(I52,보도매체!$A:$C,2,FALSE), "") -> 13_인터넷포털 | M52: =IFERROR(VLOOKUP(I52,보도매체!$A:$C,3,FALSE), "") -> 0.1
A53: 52 | B53: 8_국립축산과학원 | C53: =E53 -> 6_동물복지과 | D53: =IFERROR(VLOOKUP(C53,소속부서!$A$2:$B$20,2,FALSE), "") -> 1_축산생명환경부 | E53: 6_동물복지과 | F53: 이우도 | H53: 축산물처리협회, ‘동물복지축산 정기교육’ 실시 | I53: 팜인사이트 | J53: 45894 | L53: =IFERROR(VLOOKUP(I53,보도매체!$A:$C,2,FALSE), "") -> 13_인터넷포털 | M53: =IFERROR(VLOOKUP(I53,보도매체!$A:$C,3,FALSE), "") -> 0.1
A54: 53 | B54: 8_국립축산과학원 | C54: =E54 -> 3_기술지원과 | D54: =IFERROR(VLOOKUP(C54,소속부서!$A$2:$B$20,2,FALSE), "") -> 0_본원 | E54: 3_기술지원과 | F54: 김정현 | H54: 이성윤 의원, “농생명 수도 전북 지켜내겠다” | I54: 뉴스프리존 | J54: 45894 | L54: =IFERROR(VLOOKUP(I54,보도매체!$A:$C,2,FALSE), "") -> 13_인터넷포털 | M54: =IFERROR(VLOOKUP(I54,보도매체!$A:$C,3,FALSE), "") -> 0.1
A55: 54 | B55: 8_국립축산과학원 | C55: =E55 -> 3_양돈과 | D55: =IFERROR(VLOOKUP(C55,소속부서!$A$2:$B$20,2,FALSE), "") -> 2_축산자원개발부 | E55: 3_양돈과 | F55: 백선영 | G55: 보도자료83 | H55: “정액 위생이 돼지 임신율 좌우”...여름철 위생 관리 ‘필수’ | I55: 뉴스1 | J55: 45894 | L55: =IFERROR(VLOOKUP(I55,보도매체!$A:$C,2,FALSE), "") -> 07_중앙일간지 | M55: =IFERROR(VLOOKUP(I55,보도매체!$A:$C,3,FALSE), "") -> 5
A56: 55 | B56: 8_국립축산과학원 | C56: =E56 -> 4_조사료생산시스템과 | D56: 2_축산자원개발부 | E56: 4_조사료생산시스템과 | F56: 박형수 | G56: 보도자료81 | H56: 사료피, 수확기 따라 품질·생산성 달라져 | I56: 농업인신문 | J56: 45894 | K56: 2 | L56: =IFERROR(VLOOKUP(I56,보도매체!$A:$C,2,FALSE), "") -> 09_농업전문지 | M56: =IFERROR(VLOOKUP(I56,보도매체!$A:$C,3,FALSE), "") -> 1.5
A57: 56 | B57: 8_국립축산과학원 | C57: =E57 -> 3_축산푸드테크과 | D57: =IFERROR(VLOOKUP(C57,소속부서!$A$2:$B$20,2,FALSE), "") -> 1_축산생명환경부 | E57: 3_축산푸드테크과 | F57: 강선문 | G57: 보도자료78 | H57: 염소고기 수입폭증, 지육·탕·진액 등 국내시장잠식 우려 | I57: 농업인신문 | J57: 45894 | K57: 1 | L57: =IFERROR(VLOOKUP(I57,보도매체!$A:$C,2,FALSE), "") -> 09_농업전문지 | M57: =IFERROR(VLOOKUP(I57,보도매체!$A:$C,3,FALSE), "") -> 1.5
A58: 57 | B58: 8_국립축산과학원 | C58: =E58 -> 3_양돈과 | D58: =IFERROR(VLOOKUP(C58,소속부서!$A$2:$B$20,2,FALSE), "") -> 2_축산자원개발부 | E58: 3_양돈과 | F58: 백선영 | G58: 보도자료83 | H58: 여름철 돼지 임신율, ‘정액 위생’이 성패 가른다 | I58: 전라매일 | J58: 45895 | K58: 4 | L58: =IFERROR(VLOOKUP(I58,보도매체!$A:$C,2,FALSE), "") -> 09_지방일간지 | M58: =IFERROR(VLOOKUP(I58,보도매체!$A:$C,3,FALSE), "") -> 1.5
A59: 58 | B59: 8_국립축산과학원 | C59: =E59 -> 2_낙농과 | D59: 2_축산자원개발부 | E59: 2_낙농과 | F59: 박성민 | G59: 즉시52 | H59: 국산 ‘로봇착유기’ 대만 수출 | I59: 농업정보신문 | J59: 45880 | K59: 2 | L59: =IFERROR(VLOOKUP(I59,보도매체!$A:$C,2,FALSE), "") -> 09_농업전문지 | M59: =IFERROR(VLOOKUP(I59,보도매체!$A:$C,3,FALSE), "") -> 1.5
A60: 59 | B60: 8_국립축산과학원 | C60: =E60 -> 5_가축유전자원센터 | D60: 0_본원 | E60: 5_가축유전자원센터 | F60: 김승창 | G60: 즉시53 | H60: 국립축산과학원, ‘가축 유전자 검사 국제 인증’ | I60: 전업농신문 | J60: 45889 | K60: 11 | L60: =IFERROR(VLOOKUP(I60,보도매체!$A:$C,2,FALSE), "") -> 09_농업전문지 | M60: =IFERROR(VLOOKUP(I60,보도매체!$A:$C,3,FALSE), "") -> 1.5
A61: 60 | B61: 8_국립축산과학원 | C61: =E61 -> 4_스마트축산환경과 | D61: 1_축산생명환경부 | E61: 4_스마트축산환경과 | F61: 김재은 | H61: 경희대, 탄소중립 위한 농업 임업 및 기타 토지 이용(AFOLYU)부문 전문가 워크숍 개최 | I61: 동아일보 | J61: 45894 | L61: =IFERROR(VLOOKUP(I61,보도매체!$A:$C,2,FALSE), "") -> 07_중앙일간지 | M61: =IFERROR(VLOOKUP(I61,보도매체!$A:$C,3,FALSE), "") -> 5
A62: 61 | B62: 8_국립축산과학원 | C62: =E62 -> 3_기술지원과 | D62: =IFERROR(VLOOKUP(C62,소속부서!$A$2:$B$20,2,FALSE), "") -> 0_본원 | E62: 3_기술지원과 | F62: 김정현 | H62: 농생명 수도 전북, 농협과 미래 열자 | I62: 전북중앙 | J62: 45894 | L62: =IFERROR(VLOOKUP(I62,보도매체!$A:$C,2,FALSE), "") -> 09_지방일간지 | M62: =IFERROR(VLOOKUP(I62,보도매체!$A:$C,3,FALSE), "") -> 1.5
A63: 62 | B63: 8_국립축산과학원 | C63: =E63 -> 2_낙농과 | D63: =IFERROR(VLOOKUP(C63,소속부서!$A$2:$B$20,2,FALSE), "") -> 2_축산자원개발부 | E63: 2_낙농과 | F63: 박성민 | H63: 전북도 축산연구소 ‘OPU’ 자체 생산 | I63: 브레이크뉴스 | J63: 45894 | L63: =IFERROR(VLOOKUP(I63,보도매체!$A:$C,2,FALSE), "") -> 13_인터넷포털 | M63: =IFERROR(VLOOKUP(I63,보도매체!$A:$C,3,FALSE), "") -> 0.1
A64: 63 | B64: 8_국립축산과학원 | C64: =E64 -> 3_양돈과 | D64: =IFERROR(VLOOKUP(C64,소속부서!$A$2:$B$20,2,FALSE), "") -> 2_축산자원개발부 | E64: 3_양돈과 | F64: 백선영 | G64: 보도자료83 | H64: ‘돼지 임신율’ 정액 위생이 관건...여름철 세균 오염 주의해야 | I64: 한국농촌경제신문 | J64: 45894 | L64: =IFERROR(VLOOKUP(I64,보도매체!$A:$C,2,FALSE), "") -> 09_농업전문지 | M64: =IFERROR(VLOOKUP(I64,보도매체!$A:$C,3,FALSE), "") -> 1.5
A65: 64 | B65: 8_국립축산과학원 | C65: =E65 -> 1_동물바이오유전체과 | D65: =IFERROR(VLOOKUP(C65,소속부서!$A$2:$B$20,2,FALSE), "") -> 1_축산생명환경부 | E65: 1_동물바이오유전체과 | F65: 김다혜 | H65: 中연구진, ‘돼지 폐’ 인간에게 이식 세계 첫 성공 | I65: 한국경제 | J65: 45895 | L65: =IFERROR(VLOOKUP(I65,보도매체!$A:$C,2,FALSE), "") -> 07_중앙일간지 | M65: =IFERROR(VLOOKUP(I65,보도매체!$A:$C,3,FALSE), "") -> 5
A66: 65 | B66: 8_국립축산과학원 | C66: =E66 -> 3_양돈과 | D66: =IFERROR(VLOOKUP(C66,소속부서!$A$2:$B$20,2,FALSE), "") -> 2_축산자원개발부 | E66: 3_양돈과 | F66: 백선영 | G66: 보도자료83 | H66: 돼지 임신율, 정액 위생이 관건...여름철 세균 오염 주의 | I66: 농기자재신문 | J66: 45895 | L66: =IFERROR(VLOOKUP(I66,보도매체!$A:$C,2,FALSE), "") -> 09_농업전문지 | M66: =IFERROR(VLOOKUP(I66,보도매체!$A:$C,3,FALSE), "") -> 1.5
A67: 66 | B67: 8_국립축산과학원 | C67: =E67 -> 3_양돈과 | D67: =IFERROR(VLOOKUP(C67,소속부서!$A$2:$B$20,2,FALSE), "") -> 2_축산자원개발부 | E67: 3_양돈과 | F67: 백선영 | G67: 보도자료83 | H67: 돼지 정액, 여름철 세균 오염 주의 | I67: 매일일보 | J67: 45895 | L67: =IFERROR(VLOOKUP(I67,보도매체!$A:$C,2,FALSE), "") -> 08_기타일간지 | M67: =IFERROR(VLOOKUP(I67,보도매체!$A:$C,3,FALSE), "") -> 2
A68: 67 | B68: 8_국립축산과학원 | C68: =E68 -> 3_양돈과 | D68: =IFERROR(VLOOKUP(C68,소속부서!$A$2:$B$20,2,FALSE), "") -> 2_축산자원개발부 | E68: 3_양돈과 | F68: 백선영 | G68: 보도자료83 | H68: 여름철 돼지 인공 수정용 액상 정액 위생 관리 | I68: 팜앤마켓 | J68: 45895 | L68: =IFERROR(VLOOKUP(I68,보도매체!$A:$C,2,FALSE), "") -> 13_인터넷포털 | M68: =IFERROR(VLOOKUP(I68,보도매체!$A:$C,3,FALSE), "") -> 0.1
A69: 68 | B69: 8_국립축산과학원 | C69: =E69 -> 2_낙농과 | D69: =IFERROR(VLOOKUP(C69,소속부서!$A$2:$B$20,2,FALSE), "") -> 2_축산자원개발부 | E69: 2_낙농과 | F69: 박성민 | H69: 전북도, 임실서 저지종 젖소 수정란 첫 생산...전문목장 육성 기술지원 | I69: 뉴스후플러스 | J69: 45895 | L69: =IFERROR(VLOOKUP(I69,보도매체!$A:$C,2,FALSE), "") -> 13_인터넷포털 | M69: =IFERROR(VLOOKUP(I69,보도매체!$A:$C,3,FALSE), "") -> 0.1
A70: 69 | B70: 8_국립축산과학원 | C70: =E70 -> 3_양돈과 | D70: =IFERROR(VLOOKUP(C70,소속부서!$A$2:$B$20,2,FALSE), "") -> 2_축산자원개발부 | E70: 3_양돈과 | F70: 백선영 | G70: 보도자료83 | H70: 돼지 인공수정용 액상 정액 위생 관리 주의해야 | I70: 농수축산신문 | J70: 45895 | L70: =IFERROR(VLOOKUP(I70,보도매체!$A:$C,2,FALSE), "") -> 09_농업전문지 | M70: =IFERROR(VLOOKUP(I70,보도매체!$A:$C,3,FALSE), "") -> 1.5
A71: 70 | B71: 8_국립축산과학원 | C71: =E71 -> 6_가금연구센터 | D71: =IFERROR(VLOOKUP(C71,소속부서!$A$2:$B$20,2,FALSE), "") -> 2_축산자원개발부 | E71: 6_가금연구센터 | F71: 신승철 | H71: [축산 신기술] 축산 LED 조명, 생산성 향상 이끄는 미래의 빛 / 월간축산 | I71: 농민신문 | J71: 45896 | L71: =IFERROR(VLOOKUP(I71,보도매체!$A:$C,2,FALSE), "") -> 09_농업전문지 | M71: =IFERROR(VLOOKUP(I71,보도매체!$A:$C,3,FALSE), "") -> 1.5
A72: 71 | B72: 8_국립축산과학원 | C72: =#REF! -> #REF! | D72: 2_축산자원개발부 | E72: 5_한우연구센터 | F72: 백열창 | H72: 사료비 절감과 장기 비육이 외국산과의 경쟁 무기 | I72: 월간축산 | J72: 45748 | K72: 32-35 | L72: 09_농업전문지 | M72: 1.5 | N72: 45891
A73: 72 | B73: 8_국립축산과학원 | C73: =#REF! -> #REF! | D73: 2_축산자원개발부 | E73: 3_양돈과 | F73: 백수현 | G73: 보도자료33 | H73: 축산과학원이 개발한 흑돼지 ‘우리흑돈’/농가 등에 7월‧12월 두 차례 보급한다 | I73: 월간축산 | J73: 45748 | K73: 48 | L73: 09_농업전문지 | M73: 1.5 | N73: 45891
A74: 73 | B74: 8_국립축산과학원 | C74: =#REF! -> #REF! | D74: 2_축산자원개발부 | E74: 2_낙농과 | F74: 이지환 | H74: 저지우유/유가공품 위주의 소비 변화 대응한 프리미엄 제품 | I74: 월간축산 | J74: 45748 | K74: 75-77 | L74: 09_농업전문지 | M74: 1.5 | N74: 45891
A75: 74 | B75: 8_국립축산과학원 | C75: =#REF! -> #REF! | D75: 0_본원 | E75: 3_기술지원과 | F75: 김창한 | H75: 무창돈사에 바이오커튼 접목해 냄새 민원 해결 | I75: 월간축산 | J75: 45748 | K75: 90-93 | L75: 09_농업전문지 | M75: 1.5 | N75: 45891
A76: 75 | B76: 8_국립축산과학원 | C76: =#REF! -> #REF! | D76: 2_축산자원개발부 | E76: 3_양돈과 | F76: 최요한 | H76: 축산 연구직 공무원/“혼신 다한 연구가 농가 문제 해결할 때 뿌듯” | I76: 월간축산 | J76: 45748 | K76: 98-101 | L76: 09_농업전문지 | M76: 1.5 | N76: 45891
A77: 76 | B77: 8_국립축산과학원 | C77: =#REF! -> #REF! | D77: 2_축산자원개발부 | E77: 5_한우연구센터 | F77: 백열창 | H77: 2025 신년 한우 심포지엄 | I77: 월간축산 | J77: 45748 | K77: 110-113 | L77: 09_농업전문지 | M77: 1.5 | N77: 45891
A78: 77 | B78: 8_국립축산과학원 | C78: =#REF! -> #REF! | D78: 1_축산생명환경부 | E78: 3_축산물이용과 | F78: 함준상 | G78: 보도자료22 | H78: 축산과학원, 치즈 숙성용 친환경 포장필름 개발 | I78: 월간축산 | J78: 45748 | K78: 138 | L78: 09_농업전문지 | M78: 1.5 | N78: 45891
A79: 78 | B79: 8_국립축산과학원 | C79: =#REF! -> #REF! | D79: 2_축산자원개발부 | E79: 5_한우연구센터 | F79: 박명선 | G79: 보도자료25 | H79: 자가TMR 우수농가 사료 제조 기술 및 영양성분 사례집 | I79: 월간한우 | J79: 45748 | K79: 91 | L79: 09_농업전문지 | M79: 1.5 | N79: 45891
A80: 79 | B80: 8_국립축산과학원 | C80: =#REF! -> #REF! | D80: 2_축산자원개발부 | E80: 5_한우연구센터 | F80: 백열창 | G80: 보도자료27 | H80: 한우 자가 TMR 기술 전수 거점농장 확대 | I80: 월간한우 | J80: 45748 | K80: 196 | L80: 09_농업전문지 | M80: 1.5 | N80: 45891
A81: 80 | B81: 8_국립축산과학원 | C81: =#REF! -> #REF! | D81: 0_본원 | E81: 3_기술지원과 | F81: 이승인 | G81: 보도자료31 | H81: 한우농가 경영 효율 높이는 ‘축사로’활용 교육 추진 | I81: 월간한우 | J81: 45748 | K81: 197 | L81: 09_농업전문지 | M81: 1.5 | N81: 45891
A82: 81 | B82: 8_국립축산과학원 | C82: =#REF! -> #REF! | D82: 0_본원 | E82: 5_가축유전자원센터 | F82: 이세영 | G82: 보도자료26 | H82: 희소 한우 체외수정란 생산율 증가 기술 개발 | I82: 월간한우 | J82: 45748 | K82: 198 | L82: 09_농업전문지 | M82: 1.5 | N82: 45891
A83: 82 | B83: 8_국립축산과학원 | C83: =#REF! -> #REF! | D83: 2_축산자원개발부 | E83: 5_한우연구센터 | F83: 백열창 | G83: 보도자료34 | H83: 임기순 국립축산과학원장, 자가 사료 제조기술 전수 현장방문 | I83: 월간한우 | J83: 45748 | K83: 199 | L83: 09_농업전문지 | M83: 1.5 | N83: 45891
A84: 83 | B84: 8_국립축산과학원 | C84: =#REF! -> #REF! | D84: 2_축산자원개발부 | E84: 4_초지사료과 | F84: 이기원 | G84: 보도자료18 | H84: 농촌진흥청/‘축산기술 접목 우수농장’에 ‘두소 한우공원’ 선정 | I84: 월간한우 | J84: 45748 | K84: 200 | L84: 09_농업전문지 | M84: 1.5 | N84: 45891
A85: 84 | B85: 8_국립축산과학원 | C85: =#REF! -> #REF! | D85: 0_본원 | E85: 3_기술지원과 | F85: 이승인 | G85: 보도자료24 | H85: 농촌진흥청/‘청년 축산인 위한 영농승계 지원모델’책자 발간 | I85: 월간한우 | J85: 45748 | K85: 201 | L85: 09_농업전문지 | M85: 1.5 | N85: 45891
A86: 85 | B86: 8_국립축산과학원 | C86: =#REF! -> #REF! | D86: 1_축산생명환경부 | E86: 4_스마트축산환경과 | F86: 이동준 | H86: 부숙?파서블! | I86: 월간낙농육우 | J86: 45748 | K86: 144-147 | L86: 10_월간지 | M86: 1 | N86: 45891
A87: 86 | B87: 8_국립축산과학원 | C87: =#REF! -> #REF! | D87: 2_축산자원개발부 | E87: 2_낙농과 | F87: 김동현 | H87: 4월 사양관리 | I87: 월간낙농육우 | J87: 45748 | K87: 167-170 | L87: 10_월간지 | M87: 1 | N87: 45891
A88: 87 | B88: 8_국립축산과학원 | C88: =#REF! -> #REF! | D88: 0_본원 | E88: 5_가축유전자원센터 | F88: 김승창 | G88: 보도자료37 | H88: 가축다양성정보시스템(DAD-IS) 등재 후보 모집 | I88: 월간닭고기 | J88: 45748 | K88: 36 | L88: 10_월간지 | M88: 1 | N88: 45891
A89: 88 | B89: 8_국립축산과학원 | C89: =#REF! -> #REF! | D89: 2_축산자원개발부 | E89: 6_가금연구센터 | F89: 지상윤 | H89: 비타민 급여의 적정량과 기간 | I89: 월간양계 | J89: 45748 | K89: 106 | L89: 10_월간지 | M89: 1 | N89: 45891
A90: 89 | B90: 8_국립축산과학원 | C90: =#REF! -> #REF! | D90: 2_축산자원개발부 | E90: 6_가금연구센터 | F90: 김현권 | H90: 유전체학 및 후성유전체학을 통한 닭의 유전적 특성 규명과 조절 | I90: 월간양계 | J90: 45748 | K90: 136-139 | L90: 10_월간지 | M90: 1 | N90: 45891
A91: 90 | B91: 8_국립축산과학원 | C91: =#REF! -> #REF! | D91: 0_본원 | E91: 5_가축유전자원센터 | F91: 김승창 | G91: 보도자료37 | H91: 우리 가축유전자원, 국제적 인정 기회…등재 후보 모집 | I91: 월간양계 | J91: 45748 | K91: 154 | L91: 10_월간지 | M91: 1 | N91: 45891
A92: 91 | B92: 8_국립축산과학원 | C92: =#REF! -> #REF! | D92: 0_본원 | E92: 3_기술지원과 | F92: 김정현 | G92: 보도자료35 | H92: 가축 면역력 떨어지는 환절기, 축산농장 환경관리 요령 | I92: 월간산란계 | J92: 45748 | K92: 97 | L92: 10_월간지 | M92: 1 | N92: 45891
A93: 92 | B93: 8_국립축산과학원 | C93: =#REF! -> #REF! | D93: 2_축산자원개발부 | E93: 3_양돈과 | F93: 최요한 | H93: 이유자돈 병원성 미생물 제어를 위한 박테리오파지 활용 기술 | I93: 월간한돈 | J93: 45748 | K93: 392-397 | L93: 10_월간지 | M93: 1 | N93: 45891
A94: 93 | B94: 8_국립축산과학원 | C94: =#REF! -> #REF! | D94: 2_축산자원개발부 | E94: 7_난지축산연구센터 | F94: 강용준 | G94: 보도자료29 | H94: ‘난축맛돈’으로 맛과 소득 모두 잡는다…경남서 흑돼지 주목 | I94: 월간한돈 | J94: 45748 | K94: 441 | L94: 10_월간지 | M94: 1 | N94: 45891
A95: 94 | B95: 8_국립축산과학원 | C95: =#REF! -> #REF! | D95: 2_축산자원개발부 | E95: 3_양돈과 | F95: 백수현 | G95: 보도자료30 | H95: 우리 흑돼지 시장 확장 ‘청신호’…대형마트 진출‧토종인증까지 | I95: 월간한돈 | J95: 45748 | K95: 442-443 | L95: 10_월간지 | M95: 1 | N95: 45891
A96: 95 | B96: 8_국립축산과학원 | C96: =#REF! -> #REF! | D96: 0_본원 | E96: 3_기술지원과 | F96: 이승인 | G96: 보도자료24 | H96: 농진청, ‘청년 축산인을 위한 영농승계 지원 모델’ 발간 | I96: 월간한돈 | J96: 45748 | K96: 444 | L96: 10_월간지 | M96: 1 | N96: 45891
A97: 96 | B97: 8_국립축산과학원 | C97: =#REF! -> #REF! | D97: 2_축산자원개발부 | E97: 3_양돈과 | F97: 김영신 | H97: 불확실성의 시대, 종돈업계의 생존 방정식은? | I97: Pig&Pork한돈 | J97: 45748 | K97: 306-310 | L97: 10_월간지 | M97: 1 | N97: 45891
A98: 97 | B98: 8_국립축산과학원 | C98: =#REF! -> #REF! | D98: 0_본원 | E98: 3_기술지원과 | F98: 정진영 | H98: 한우사육 100문 100답 | I98: 한우마당 | J98: 45748 | K98: 90-93 | L98: 10_월간지 | M98: 1 | N98: 45891
A99: 98 | C99: =E99 -> 0 | D99: =IFERROR(VLOOKUP(C99,소속부서!$A$2:$B$20,2,FALSE), "") | L99: =IFERROR(VLOOKUP(I99,보도매체!$A:$C,2,FALSE), "") | M99: =IFERROR(VLOOKUP(I99,보도매체!$A:$C,3,FALSE), "")
A100: 99 | C100: =E100 -> 0 | D100: =IFERROR(VLOOKUP(C100,소속부서!$A$2:$B$20,2,FALSE), "") | L100: =IFERROR(VLOOKUP(I100,보도매체!$A:$C,2,FALSE), "") | M100: =IFERROR(VLOOKUP(I100,보도매체!$A:$C,3,FALSE), "")
...

Sheet Sheet2
A3: 행 레이블
A4: 1_기획조정과
A5: 2_운영지원과
A6: 3_기술지원과
A7: 4_가축질병방역과
A8: 1_동물바이오공학과
A9: 2_동물유전체과
A10: 3_축산물이용과
A11: 4_축산환경과
A12: 5_영양생리팀
A13: 6_동물복지연구팀
A14: 1_가축개량평가과
... A22: 총합계

Sheet 양식
B2: 번호 | C2: 소속기관 | D2: 소속부 | E2: 소속부서 | F2: 구분
B3: 1 | C3: 8_국립축산과학원 | D3: 0_본원 | E3: 1_기획조정과
B4: 2 | C4: 8_국립축산과학원 | D4: 0_본원 | E4: 2_운영지원과
B5: 3 | C5: 8_국립축산과학원 | D5: 0_본원 | E5: 3_기술지원과
B6: 4 | C6: 8_국립축산과학원 | D6: 0_본원 | E6: 4_가축질병방역과
B7: 5 | C7: 8_국립축산과학원 | D7: 0_본원 | E7: 5_가축유전자원센터
B8: 6 | C8: 8_국립축산과학원 | D8: 0_본원 | E8: 6_한우연구소
B9: 7 | C9: 8_국립축산과학원 | D9: 0_본원 | E9: 7_가금연구소
B10: 8 | C10: 8_국립축산과학원 | D10: 0_본원 | E10: 8_난지축산연구소
B11: 9 | C11: 8_국립축산과학원 | D11: 1_축산생명환경부 | E11: 1_동물바이오공학과
B12: 10 | C12: 8_국립축산과학원 | D12: 1_축산생명환경부 | E12: 2_동물유전체과
B13: 11 | C13: 8_국립축산과학원 | D13: 1_축산생명환경부 | E13: 3_축산물이용과
B14: 12 | C14: 8_국립축산과학원 | D14: 1_축산생명환경부 | E14: 4_축산환경과
... B20: 18 | C20: 8_국립축산과학원 | D20: 2_축산자원개발부 | E20: 4_초지사료과
B21: 19
B22: 20
B23: 21
B24: 22
A26: 2019.04. 평가지표 번호 변동
B27: 01_TV-중앙
B28: 02_TV-지방 | C28: 02_TV-케이블중앙 | D28: 02_TV-종합편성채널
B29: 03_TV-케이블지방
B30: 04_기타(DMB,IPTV)
B31: 05_라디오-중앙
B32: 06_라디오-지방
B33: 07_중앙일간지
B34: 08_기타일간지 | C34: 08_스포츠신문
B35: 09_농업전문지 | C35: 09_지방일간지
B36: 10_월간지 | C36: 10_주간지 | D36: 10_무가지 | E36: 10_기타전문지 | F36: 10_기타월간지
B37: 11_기타(지역주간지)
B38: 12_대한민국 정책포털(korea.kr)
B39: 13_인터넷포털
B40: 14_해외홍보(TV,라디오,신문,잡지)
A41: 기고
B42: 15_중앙일간지
B43: 16_기타일간지 | C43: 16_스포츠신문
B44: 17_농업전문지 | C44: 17_지방일간지
B45: 18_월간지 | C45: 18_주간지 | D45: 18_무가지 | E45: 18_기타전문지 | F45: 18_기타월간지
B46: 19_기타(지역주간지)
B47: 20_대한민국 정책포털(korea.kr) 기고
B48: 21_인터넷포털
B49: 22_해외홍보(신문,잡지)
B51: 23_동영상 콘텐츠 포스팅
B52: 24_이미지 콘텐츠 포스팅
B53: 25_네이버팜(텍스트 콘텐츠 포스팅) | C53: 25-1_네이버팜(유튜브)
B54: 26_농업기술동영상 포스팅(농사로)
B55: 27_농업기술 큐레이션 포스팅(농사료)
B56: 28_농업기술정보 포스팅(농사로)
B57: 29_원고집필(그린매거진, 농업기술)

Sheet 보도매체
A1: 보도매체 | B1: 구분 1 | C1: 구분 2(점수)
A2: 아주경제 | B2: 07_중앙일간지 | C2: 5
A3: 서울신문 | B3: 07_중앙일간지 | C3: 5
A4: 한겨레신문 | B4: 07_중앙일간지 | C4: 5
A5: 국민일보 | B5: 07_중앙일간지 | C5: 5
A6: 연합뉴스 | B6: 07_중앙일간지 | C6: 5
A7: 파이낸셜뉴스 | B7: 07_중앙일간지 | C7: 5
A8: 헤럴드경제 | B8: 07_중앙일간지 | C8: 5
A9: KBS 라디오 | B9: 05_라디오-중앙 | C9: 3
A10: SBS 라디오 | B10: 05_라디오-중앙 | C10: 3
A11: BBS 라디오 | B11: 05_라디오-중앙 | C11: 3
A12: 아시아타임즈 | B12: 08_기타일간지 | C12: 2
A13: 아시아일보 | B13: 08_기타일간지 | C13: 2
... A676: 뉴스후플러스 | B676: 13_인터넷포털 | C676: 0.1

Sheet 소속부서
A1: 소속부서 | B1: 소속부
A2: 1_기획조정과 | B2: 0_본원
A3: 2_운영지원과 | B3: 0_본원
A4: 3_기술지원과 | B4: 0_본원
A5: 4_가축질병방역과 | B5: 0_본원
A6: 5_가축유전자원센터 | B6: 0_본원
A7: 6_축산자원개발부이전추진팀 | B7: 0_본원
A8: 1_동물바이오유전체과 | B8: 1_축산생명환경부
A9: 2_동물유전체과 | B9: 1_축산생명환경부
A10: 3_축산푸드테크과 | B10: 1_축산생명환경부
A11: 4_스마트축산환경과 | B11: 1_축산생명환경부
A12: 5_가축정밀영양과 | B12: 1_축산생명환경부
... A20: 7_난지축산연구센터 | B20: 2_축산자원개발부
